frame,x_0,y_0,z_0,x_1,y_1,z_1,x_2,y_2,z_2,x_3,y_3,z_3,x_4,y_4,z_4,x_5,y_5,z_5,x_6,y_6,z_6,x_7,y_7,z_7,x_8,y_8,z_8,x_9,y_9,z_9,x_10,y_10,z_10,x_11,y_11,z_11,x_12,y_12,z_12,x_13,y_13,z_13,x_14,y_14,z_14,x_15,y_15,z_15,x_16,y_16,z_16,x_17,y_17,z_17,x_18,y_18,z_18,x_19,y_19,z_19,x_20,y_20,z_20,wx_0,wy_0,wz_0,wx_1,wy_1,wz_1,wx_2,wy_2,wz_2,wx_3,wy_3,wz_3,wx_4,wy_4,wz_4,wx_5,wy_5,wz_5,wx_6,wy_6,wz_6,wx_7,wy_7,wz_7,wx_8,wy_8,wz_8,wx_9,wy_9,wz_9,wx_10,wy_10,wz_10,wx_11,wy_11,wz_11,wx_12,wy_12,wz_12,wx_13,wy_13,wz_13,wx_14,wy_14,wz_14,wx_15,wy_15,wz_15,wx_16,wy_16,wz_16,wx_17,wy_17,wz_17,wx_18,wy_18,wz_18,wx_19,wy_19,wz_19,wx_20,wy_20,wz_20,frame_rate,frame_width,frame_height
0,0.6673945188522339,0.9951246380805969,-2.4313780500051507e-07,0.68841952085495,0.9216095209121704,-0.0017564388690516353,0.6739329695701599,0.8555521368980408,-0.015845635905861855,0.6241690516471863,0.8201529383659363,-0.02933710813522339,0.5736660361289978,0.815642237663269,-0.044874947518110275,0.6787092685699463,0.8447718024253845,-0.03993910551071167,0.5969586372375488,0.7794455289840698,-0.06394954770803452,0.5488299131393433,0.7735576629638672,-0.07669591158628464,0.521310567855835,0.7787396907806396,-0.0823751837015152,0.6506480574607849,0.8739469647407532,-0.04903841391205788,0.5745289921760559,0.7995525002479553,-0.07095061242580414,0.5323234796524048,0.7863398790359497,-0.07905596494674683,0.5034900307655334,0.7889782190322876,-0.08325501531362534,0.6218209862709045,0.9050570130348206,-0.05667809396982193,0.5527858138084412,0.829246997833252,-0.07304758578538895,0.5154593586921692,0.8061004281044006,-0.07293111085891724,0.4885941743850708,0.7954896092414856,-0.07153087854385376,0.5927008390426636,0.9352640509605408,-0.06303083896636963,0.5391807556152344,0.8740198612213135,-0.07513870298862457,0.5128686428070068,0.8452230095863342,-0.07279079407453537,0.4929690659046173,0.8255043625831604,-0.06960318237543106,0.015349500812590122,0.0528104305267334,0.07376929372549057,0.025350458920001984,0.025224650278687477,0.06389373540878296,0.018102111294865608,-0.004880535416305065,0.05295999348163605,-0.00512745650485158,-0.01585530675947666,0.025823470205068588,-0.03214515745639801,-0.01852809451520443,-0.001559506170451641,0.014677047729492188,-0.01793794333934784,0.005012637469917536,-0.011676005087792873,-0.031232580542564392,0.004008033778518438,-0.035894159227609634,-0.036419324576854706,0.02208852209150791,-0.053536221385002136,-0.033716246485710144,0.04269202798604965,0.001387289958074689,-0.002691390225663781,-0.0027202984783798456,-0.027548998594284058,-0.025475094094872475,-0.003000149969011545,-0.04849798604846001,-0.032202452421188354,0.017890704795718193,-0.06485427916049957,-0.033132221549749374,0.04132511839270592,-0.011697983369231224,0.011514540761709213,-0.004979027435183525,-0.038655079901218414,-0.012470291927456856,0.0008871538448147476,-0.05649232119321823,-0.02321876399219036,0.018503421917557716,-0.07165735960006714,-0.029741913080215454,0.04148796200752258,-0.023860009387135506,0.02704322338104248,0.006812688894569874,-0.04306250810623169,0.008794309571385384,0.00544370012357831,-0.056810490787029266,-0.009328516200184822,0.020344389602541924,-0.07149575650691986,-0.0173118207603693,0.034938063472509384,30.0,640.0,480.0
1,0.672321081161499,0.9843766689300537,-1.170664418737033e-07,0.6832903623580933,0.9077974557876587,0.003490997012704611,0.6644651293754578,0.8302696347236633,-0.009052786976099014,0.6115214228630066,0.788627028465271,-0.021464353427290916,0.5625606179237366,0.7753080725669861,-0.03674769029021263,0.6829420328140259,0.8079186677932739,-0.043106842786073685,0.5974168181419373,0.7541844844818115,-0.06379489600658417,0.5449618101119995,0.7400204539299011,-0.07204116880893707,0.5077356696128845,0.7416836023330688,-0.07504391670227051,0.6572989821434021,0.8414035439491272,-0.05541548877954483,0.5768170356750488,0.7712487578392029,-0.07343269139528275,0.5288511514663696,0.7484933733940125,-0.07812048494815826,0.4927288591861725,0.7436015605926514,-0.08138246089220047,0.6272992491722107,0.8771534562110901,-0.06489527225494385,0.5561161041259766,0.7990861535072327,-0.0801212415099144,0.5149811506271362,0.7705422639846802,-0.07939556986093521,0.48446786403656006,0.7577179670333862,-0.07847744971513748,0.5944653153419495,0.9142767786979675,-0.07231245934963226,0.5454040169715881,0.8473097681999207,-0.08694875985383987,0.5168876051902771,0.8155713677406311,-0.08653929829597473,0.4933147430419922,0.7934837341308594,-0.08442526310682297,0.013831096701323986,0.06281108409166336,0.08128150552511215,0.021612515673041344,0.029716840013861656,0.07406467944383621,0.012984042055904865,0.0020411680452525616,0.05987277999520302,-0.010924619622528553,-0.01446386519819498,0.03440847620368004,-0.037298765033483505,-0.01894303970038891,0.005089780781418085,0.01712598279118538,-0.0180567167699337,0.0077394600957632065,-0.011433826759457588,-0.03052469901740551,0.010158983059227467,-0.037045884877443314,-0.03579266369342804,0.029584821313619614,-0.06263863295316696,-0.037650421261787415,0.05836746469140053,0.001583443721756339,-0.004984963685274124,-0.0025085301604121923,-0.026478102430701256,-0.02684137225151062,0.0012999646132811904,-0.05234575644135475,-0.03215048834681511,0.024400847032666206,-0.07243883609771729,-0.038177572190761566,0.057103533297777176,-0.012747424654662609,0.0107863275334239,-0.008094940334558487,-0.03556689992547035,-0.01230723038315773,0.0013827072689309716,-0.05995684862136841,-0.023090723901987076,0.024640293791890144,-0.07205841690301895,-0.034613195806741714,0.04874036833643913,-0.02775057777762413,0.03030621074140072,0.003225914668291807,-0.042957209050655365,0.009034798480570316,0.006041064392775297,-0.05950251594185829,-0.010782027617096901,0.023390328511595726,-0.07426846772432327,-0.019940540194511414,0.0414808988571167,30.0,640.0,480.0
2,0.6629166603088379,0.9654151797294617,-1.2554650652418786e-07,0.6801105737686157,0.8845415115356445,0.0029287352226674557,0.6610170602798462,0.8073678612709045,-0.009554357267916203,0.6050578355789185,0.7663238644599915,-0.021160908043384552,0.5572100281715393,0.7598505020141602,-0.03507061302661896,0.6835947632789612,0.7794952392578125,-0.04436146095395088,0.5932908654212952,0.7215758562088013,-0.06207543611526489,0.5433399081230164,0.7141622304916382,-0.06649640947580338,0.5110669136047363,0.7218608260154724,-0.06728070974349976,0.6538634300231934,0.8088328838348389,-0.0552646778523922,0.5705123543739319,0.7298091053962708,-0.07081571966409683,0.526423454284668,0.7131370306015015,-0.07244420796632767,0.49473869800567627,0.7130852937698364,-0.07392393797636032,0.620857298374176,0.8412725925445557,-0.06307555735111237,0.5482519865036011,0.759876012802124,-0.07543355226516724,0.5115512609481812,0.73887699842453,-0.07279554009437561,0.4855618476867676,0.7313588261604309,-0.07138041406869888,0.5856105089187622,0.8765541315078735,-0.0690096765756607,0.5360705852508545,0.8112417459487915,-0.0811765044927597,0.5101637840270996,0.7829499244689941,-0.08044447004795074,0.4886297285556793,0.7605680227279663,-0.07899555563926697,0.010259079746901989,0.06648945063352585,0.0775456428527832,0.01842322014272213,0.03178906813263893,0.06770828366279602,0.011747452430427074,0.004091658629477024,0.058633577078580856,-0.009712169878184795,-0.008733680471777916,0.031994692981243134,-0.03436984121799469,-0.009970784187316895,0.00470459321513772,0.01628262922167778,-0.0153800118714571,0.008369638584554195,-0.010174773633480072,-0.02576659806072712,0.012254297733306885,-0.03340655937790871,-0.03358297795057297,0.029940800741314888,-0.05363801121711731,-0.032971225678920746,0.05678778514266014,0.00116941356100142,-0.0041182213462889194,-0.00248684361577034,-0.022179661318659782,-0.02629859931766987,0.0018005500314757228,-0.04657202586531639,-0.03318449854850769,0.01993277482688427,-0.06348533928394318,-0.038419872522354126,0.05133487656712532,-0.010869506746530533,0.00777962664142251,-0.007972617633640766,-0.03240294009447098,-0.014071596786379814,3.8178764953045174e-05,-0.05178702250123024,-0.024824760854244232,0.01879931427538395,-0.06489864736795425,-0.03395356237888336,0.041431330144405365,-0.025773387402296066,0.02546669729053974,0.002750030253082514,-0.03990030288696289,0.00695557426661253,0.003047788981348276,-0.055152446031570435,-0.013275856152176857,0.01918725110590458,-0.06663814187049866,-0.022652313113212585,0.03351658955216408,30.0,640.0,480.0
3,0.6658863425254822,0.9556432962417603,-2.2540010036209424e-07,0.6795724034309387,0.8698418140411377,0.012632285244762897,0.6581180095672607,0.7897023558616638,0.005153388250619173,0.607805073261261,0.7486413717269897,-0.0038729978259652853,0.5615297555923462,0.7427995204925537,-0.016170896589756012,0.6802001595497131,0.7518067359924316,-0.028894606977701187,0.5890873074531555,0.6985952258110046,-0.04451575502753258,0.5364763736724854,0.6943621039390564,-0.050415873527526855,0.5036163330078125,0.7038607001304626,-0.05258214473724365,0.6517457365989685,0.780216634273529,-0.04415614902973175,0.5641816854476929,0.7023560404777527,-0.05730225145816803,0.5195066332817078,0.6928059458732605,-0.05856037512421608,0.4896220862865448,0.6975060701370239,-0.059677604585886,0.6194161176681519,0.814029335975647,-0.0562024861574173,0.5442686080932617,0.736210823059082,-0.06612390279769897,0.5048924684524536,0.7205646634101868,-0.06357371062040329,0.4775307774543762,0.7169891595840454,-0.06235653534531593,0.5852643251419067,0.8527451157569885,-0.06576584279537201,0.5312837958335876,0.7898062467575073,-0.07442770153284073,0.5046589374542236,0.7646406292915344,-0.07218362390995026,0.4829949140548706,0.7433891892433167,-0.07007826864719391,0.012825295329093933,0.07064417749643326,0.06518649309873581,0.018804799765348434,0.03663415089249611,0.06239008903503418,0.011052661575376987,0.008554589934647083,0.055983684957027435,-0.00933732371777296,-0.006360666360706091,0.03353037312626839,-0.034211739897727966,-0.008497737348079681,0.0060237073339521885,0.015561691485345364,-0.016738351434469223,0.011689617298543453,-0.013126896694302559,-0.02480967529118061,0.013634378090500832,-0.03614667430520058,-0.029602963477373123,0.027936456725001335,-0.057824186980724335,-0.02794862538576126,0.05214271694421768,0.0016615551430732012,-0.004348263144493103,-0.001332058454863727,-0.02528695948421955,-0.025716621428728104,0.0007448748801834881,-0.05118536576628685,-0.030481131747364998,0.016574332490563393,-0.06862597912549973,-0.031403955072164536,0.044062960892915726,-0.010922446846961975,0.008226340636610985,-0.009968547150492668,-0.03571420535445213,-0.010762911289930344,-0.00391157204285264,-0.05702788382768631,-0.020443182438611984,0.011516066268086433,-0.07043612003326416,-0.02739497274160385,0.03367771580815315,-0.02674901857972145,0.027743056416511536,-0.0033068775665014982,-0.0415104515850544,0.0105236591771245,-0.0035802782513201237,-0.05795777589082718,-0.008748432621359825,0.01225605234503746,-0.06982075423002243,-0.017985403537750244,0.025419263169169426,30.0,640.0,480.0
4,0.6617270112037659,0.9346036911010742,-2.7303087790642167e-07,0.6694648861885071,0.839614987373352,0.024506481364369392,0.6487234234809875,0.7601454257965088,0.02328612096607685,0.6066778302192688,0.718794584274292,0.018401874229311943,0.5658708810806274,0.7131202220916748,0.00997957680374384,0.6697234511375427,0.7128843665122986,-0.01735854148864746,0.5785478353500366,0.6668781042098999,-0.026347532868385315,0.5276541709899902,0.6666625738143921,-0.024586988613009453,0.4958876073360443,0.6762787103652954,-0.021511083468794823,0.6421058177947998,0.7356665134429932,-0.037771474570035934,0.5522891879081726,0.6564714908599854,-0.04676051810383797,0.5063567161560059,0.6597208380699158,-0.04279279708862305,0.4780561029911041,0.6736777424812317,-0.038815513253211975,0.6109439134597778,0.7690849304199219,-0.053671058267354965,0.5317225456237793,0.6877931952476501,-0.060847725719213486,0.49001309275627136,0.6848143339157104,-0.054912444204092026,0.462950736284256,0.6897770762443542,-0.05055728927254677,0.5783702731132507,0.8138790130615234,-0.0660666972398758,0.5213064551353455,0.7485415935516357,-0.07364062964916229,0.4929993748664856,0.7306331992149353,-0.06911527365446091,0.47068071365356445,0.7164941430091858,-0.0642784982919693,0.018368132412433624,0.07611265778541565,0.04637010768055916,0.02301752008497715,0.04457356408238411,0.05480325594544411,0.015375487506389618,0.01735602878034115,0.05868459492921829,-0.003923082258552313,-0.0013127874117344618,0.056351594626903534,-0.02285502851009369,-0.006289515644311905,0.04464191943407059,0.01374345738440752,-0.01610376685857773,0.01582092046737671,-0.012771304696798325,-0.023822348564863205,0.019626174122095108,-0.033801957964897156,-0.027457237243652344,0.032968174666166306,-0.05574053153395653,-0.025336436927318573,0.05010988935828209,0.001983306370675564,-0.004274023696780205,0.0005782272201031446,-0.02463136985898018,-0.028107652440667152,0.001982468646019697,-0.05056376755237579,-0.02769402600824833,0.017117220908403397,-0.067543163895607,-0.025752384215593338,0.04287039488554001,-0.0106964111328125,0.007730837911367416,-0.012637237086892128,-0.0382004976272583,-0.013008754700422287,-0.0095361964777112,-0.057664114981889725,-0.019141193479299545,0.007028072141110897,-0.07226749509572983,-0.01868896186351776,0.02908792532980442,-0.027016224339604378,0.02837122604250908,-0.011899647302925587,-0.03997818008065224,0.011087339371442795,-0.011461162939667702,-0.05792392045259476,-0.005074931308627129,-0.0004519157519098371,-0.06825828552246094,-0.00853465124964714,0.016020001843571663,30.0,640.0,480.0
5,0.6612797975540161,0.9484918713569641,-4.2672803601817577e-07,0.6647635698318481,0.8459492325782776,0.031382519751787186,0.644952654838562,0.7638809680938721,0.032963044941425323,0.6048439741134644,0.7219936847686768,0.02873520366847515,0.5607887506484985,0.7208578586578369,0.020424112677574158,0.666787326335907,0.712277889251709,-0.007591675501316786,0.5739730000495911,0.6652749180793762,-0.016898607835173607,0.522626519203186,0.668541431427002,-0.017374694347381592,0.4896298348903656,0.6812586188316345,-0.0157184936106205,0.6399848461151123,0.7335435152053833,-0.031429093331098557,0.548947811126709,0.6545887589454651,-0.037808988243341446,0.503364086151123,0.6580517292022705,-0.03404564410448074,0.47362220287323,0.6712595224380493,-0.03121962584555149,0.6094428300857544,0.7687540650367737,-0.05066497251391411,0.5282639265060425,0.6862289905548096,-0.05376541614532471,0.48742204904556274,0.6844503283500671,-0.046110786497592926,0.4606844484806061,0.6887630820274353,-0.04185628145933151,0.5769885182380676,0.8157122135162354,-0.06647682189941406,0.5202031135559082,0.7486473917961121,-0.06992556154727936,0.49350878596305847,0.7306467890739441,-0.06305550038814545,0.4726187288761139,0.7170984745025635,-0.05736672505736351,0.01972098834812641,0.08244355767965317,0.04248284175992012,0.024266397580504417,0.047652702778577805,0.05181136727333069,0.014817599207162857,0.01909237541258335,0.058414340019226074,-0.0032707112841308117,0.0009686467237770557,0.05649340897798538,-0.022408204153180122,-0.005535838194191456,0.04658478870987892,0.013754463754594326,-0.015997638925909996,0.017417430877685547,-0.013630552217364311,-0.024434417486190796,0.0190618596971035,-0.037663791328668594,-0.02640995942056179,0.03447127342224121,-0.060390226542949677,-0.020539991557598114,0.053776390850543976,0.002297496423125267,-0.005495554767549038,-0.00019645990687422454,-0.026556072756648064,-0.027147585526108742,0.0025250883772969246,-0.05283735319972038,-0.02807464823126793,0.018639331683516502,-0.06806051731109619,-0.02785332128405571,0.04736125469207764,-0.009202398359775543,0.008569163270294666,-0.012641839683055878,-0.03803011029958725,-0.013097969815135002,-0.006736866198480129,-0.0581604428589344,-0.017471550032496452,0.009512838907539845,-0.07306395471096039,-0.020675666630268097,0.03128959983587265,-0.02580062858760357,0.029971756041049957,-0.013955834321677685,-0.041785988956689835,0.010731799528002739,-0.011759485118091106,-0.0573016032576561,-0.0037829517386853695,0.0038905031979084015,-0.06774638593196869,-0.007721318863332272,0.020410478115081787,30.0,640.0,480.0
6,0.6637587547302246,0.956934928894043,-4.387809440231649e-07,0.6632697582244873,0.8492506742477417,0.03287580981850624,0.6431348323822021,0.7671201229095459,0.034612398594617844,0.6050058007240295,0.726394534111023,0.030404463410377502,0.5611851215362549,0.7276893258094788,0.02242652140557766,0.6667278409004211,0.7117208242416382,-0.006888043135404587,0.5763635635375977,0.667336642742157,-0.014195185154676437,0.5269392728805542,0.6706349849700928,-0.011195705272257328,0.49442505836486816,0.6822035908699036,-0.007340508513152599,0.6391934156417847,0.7311900854110718,-0.032039083540439606,0.5505627393722534,0.6497004628181458,-0.040081173181533813,0.5047206878662109,0.6565427184104919,-0.035217419266700745,0.47368475794792175,0.6717590689659119,-0.030399246141314507,0.6081802845001221,0.7667527794837952,-0.05220663920044899,0.5289381146430969,0.679739236831665,-0.05714089050889015,0.4883851408958435,0.6808443665504456,-0.0485355518758297,0.46109169721603394,0.6866509914398193,-0.042447321116924286,0.5754762887954712,0.8159261345863342,-0.06866239011287689,0.5172098278999329,0.7437595129013062,-0.07368626445531845,0.48951420187950134,0.7247501611709595,-0.06628462672233582,0.4669903516769409,0.710043728351593,-0.05939241498708725,0.0219583697617054,0.0848870500922203,0.03774799779057503,0.025755956768989563,0.04983210563659668,0.04896359145641327,0.01721939817070961,0.022470202296972275,0.05877125263214111,-0.00227833422832191,0.001950888428837061,0.06040683388710022,-0.019927270710468292,-0.00410542543977499,0.05316191539168358,0.015007133595645428,-0.016273438930511475,0.018126962706446648,-0.011768469586968422,-0.025386136025190353,0.020684655755758286,-0.03480535373091698,-0.02740035206079483,0.0367230623960495,-0.057696133852005005,-0.02074269950389862,0.0558377169072628,0.0025704342406243086,-0.005584124010056257,0.000610118790064007,-0.026270460337400436,-0.028889400884509087,0.0030919311102479696,-0.05252538621425629,-0.02896946668624878,0.019239459186792374,-0.06807488948106766,-0.028728973120450974,0.048271484673023224,-0.00953984446823597,0.00844245683401823,-0.01328231394290924,-0.039339158684015274,-0.015155337750911713,-0.007874208502471447,-0.05852262303233147,-0.01865900494158268,0.009488997980952263,-0.07302562892436981,-0.020811866968870163,0.030545102432370186,-0.027822408825159073,0.03112851269543171,-0.01583530753850937,-0.043710462749004364,0.010593325830996037,-0.013147014193236828,-0.059140171855688095,-0.004004050977528095,0.001659600529819727,-0.07163490355014801,-0.008311024866998196,0.018610045313835144,30.0,640.0,480.0
7,0.6607961654663086,0.962982177734375,-4.6914874474168755e-07,0.6599057912826538,0.8530864715576172,0.03469492122530937,0.6391682624816895,0.7711535096168518,0.03778938204050064,0.6003485321998596,0.7302144169807434,0.03393693268299103,0.5559958219528198,0.7308845520019531,0.025913884863257408,0.6656678915023804,0.7125042676925659,0.0005256323493085802,0.5742489099502563,0.66646409034729,-0.00604196498170495,0.525214433670044,0.6697566509246826,-0.005415727850049734,0.4929051399230957,0.6812046766281128,-0.0034903280902653933,0.637862503528595,0.7309847474098206,-0.024733562022447586,0.5492920875549316,0.6541092395782471,-0.029544426128268242,0.5031080842018127,0.6601148843765259,-0.02688414417207241,0.4708724319934845,0.6740947961807251,-0.025222504511475563,0.6065885424613953,0.7661195397377014,-0.04534609615802765,0.527359664440155,0.6812655925750732,-0.04761139675974846,0.4865444302558899,0.681318461894989,-0.0418708361685276,0.45884084701538086,0.6867541074752808,-0.03917621448636055,0.5732288360595703,0.8144048452377319,-0.06224375218153,0.5152241587638855,0.7422544956207275,-0.06562543660402298,0.4878794550895691,0.7224322557449341,-0.05964101105928421,0.4657720625400543,0.707604169845581,-0.05471872165799141,0.01986687071621418,0.08433052897453308,0.03629513829946518,0.024117810651659966,0.049935176968574524,0.048270273953676224,0.015496578067541122,0.022724810987710953,0.058088306337594986,-0.0016470600385218859,0.0032992830965667963,0.06024762615561485,-0.020093468949198723,-0.003338434500619769,0.05219567194581032,0.01438834983855486,-0.014996998012065887,0.018177542835474014,-0.011329012922942638,-0.023821504786610603,0.021029748022556305,-0.03358902409672737,-0.025641009211540222,0.038847461342811584,-0.056303899735212326,-0.02050386369228363,0.05933311954140663,0.0025562408845871687,-0.005252218805253506,0.000522300717420876,-0.025101225823163986,-0.02652880549430847,0.004204712808132172,-0.050438981503248215,-0.02621704712510109,0.02176484279334545,-0.06668451428413391,-0.02690226212143898,0.049992240965366364,-0.009581505320966244,0.00792861171066761,-0.01340796984732151,-0.0362686812877655,-0.013854540884494781,-0.006668446585536003,-0.05659359693527222,-0.01804359257221222,0.010695395991206169,-0.07053716480731964,-0.021058503538370132,0.031212182715535164,-0.027115609496831894,0.029458221048116684,-0.015663716942071915,-0.04175185784697533,0.009272746741771698,-0.012565266340970993,-0.05737162381410599,-0.005345226265490055,0.002516483422368765,-0.06989875435829163,-0.009980935603380203,0.017496895045042038,30.0,640.0,480.0
8,0.6599498391151428,0.9629958868026733,-4.5563041339846677e-07,0.6607276797294617,0.8548360466957092,0.03262984752655029,0.6399080753326416,0.7726364135742188,0.035096172243356705,0.601484477519989,0.7313945293426514,0.03116711415350437,0.5577625632286072,0.73136967420578,0.023237040266394615,0.6654981970787048,0.7131187319755554,-0.001248177606612444,0.5749514102935791,0.6666869521141052,-0.008620052598416805,0.5252904891967773,0.6688438057899475,-0.009216716513037682,0.4927971661090851,0.679809033870697,-0.008317177183926105,0.6368571519851685,0.7317653894424438,-0.02525564841926098,0.5485544204711914,0.6546999216079712,-0.030797570943832397,0.5026761889457703,0.6600294709205627,-0.029144061729311943,0.4717974066734314,0.6737135648727417,-0.028468474745750427,0.6047056913375854,0.7666512131690979,-0.04477962478995323,0.5263016223907471,0.6840620636940002,-0.047442689538002014,0.48566192388534546,0.683147132396698,-0.04295472800731659,0.4587500989437103,0.6876664757728577,-0.04145147651433945,0.5709502696990967,0.8143598437309265,-0.06073210760951042,0.5141032934188843,0.7444166541099548,-0.06382948905229568,0.4870193898677826,0.725467324256897,-0.05840420350432396,0.4654162526130676,0.7109013795852661,-0.05433477461338043,0.01897978037595749,0.08274425566196442,0.03765445202589035,0.02308708056807518,0.04782268777489662,0.04835179075598717,0.01523091271519661,0.02213842049241066,0.05888048931956291,-0.0018737344071269035,0.0030335518531501293,0.06115755811333656,-0.019351104274392128,-0.0026786355301737785,0.05432944744825363,0.014089620672166348,-0.013538290746510029,0.01766069605946541,-0.010522127151489258,-0.022554956376552582,0.020948054268956184,-0.03301924839615822,-0.02533886767923832,0.03899853676557541,-0.05557829514145851,-0.019890353083610535,0.05925530195236206,0.002483559539541602,-0.004846526309847832,0.0005994331440888345,-0.024004297330975533,-0.02517072670161724,0.004214325454086065,-0.049479566514492035,-0.02521425485610962,0.02166864089667797,-0.06471086293458939,-0.027314070612192154,0.04984349012374878,-0.008998168632388115,0.006981387734413147,-0.012996265664696693,-0.03513851389288902,-0.012681013904511929,-0.006203434895724058,-0.0556916669011116,-0.017508529126644135,0.011496421881020069,-0.06907700002193451,-0.02067706733942032,0.031745050102472305,-0.026650061830878258,0.027940645813941956,-0.015118115581572056,-0.04075508937239647,0.009651541709899902,-0.011023009195923805,-0.05633134767413139,-0.004698322620242834,0.00389420916326344,-0.06748706847429276,-0.009436448104679585,0.018571164458990097,30.0,640.0,480.0
9,0.6593437790870667,0.9635331630706787,-4.5660530645363906e-07,0.6610012054443359,0.8552783131599426,0.033513352274894714,0.6403790712356567,0.7731213569641113,0.036329470574855804,0.601848304271698,0.732304573059082,0.032620351761579514,0.5579953789710999,0.7318527102470398,0.024878928437829018,0.6649351716041565,0.7144319415092468,-0.0008699927129782736,0.5744461417198181,0.6695612072944641,-0.008407246321439743,0.5248996019363403,0.6739690899848938,-0.008925313130021095,0.49333131313323975,0.6865601539611816,-0.00785423256456852,0.6356542706489563,0.7331163883209229,-0.025235885754227638,0.5469250082969666,0.6543814539909363,-0.031237097457051277,0.501751720905304,0.6608266830444336,-0.0289493128657341,0.4726678133010864,0.6754960417747498,-0.0274038165807724,0.6034780740737915,0.767763078212738,-0.04505317285656929,0.5245316624641418,0.6835904121398926,-0.04807068407535553,0.4844176173210144,0.6834844350814819,-0.042580898851156235,0.45886895060539246,0.6887983679771423,-0.039969831705093384,0.5704545974731445,0.8150297403335571,-0.06119899824261665,0.5129583477973938,0.7442927360534668,-0.06393426656723022,0.48601865768432617,0.7258092164993286,-0.05755617097020149,0.4650270342826843,0.7118770480155945,-0.052642572671175,0.02003498375415802,0.0830497145652771,0.03733283281326294,0.024532100185751915,0.04804036393761635,0.04769516363739967,0.01654692552983761,0.021992437541484833,0.05862756073474884,-0.0012270139995962381,0.002407825319096446,0.06064159795641899,-0.01925686188042164,-0.0033146580681204796,0.05391897261142731,0.014463508501648903,-0.013920547440648079,0.017492450773715973,-0.010884878225624561,-0.022556807845830917,0.020217422395944595,-0.03322198987007141,-0.024736948311328888,0.037972114980220795,-0.05525875464081764,-0.018650982528924942,0.058504749089479446,0.0025461523327976465,-0.005040954798460007,0.00043246152927167714,-0.025058124214410782,-0.025672229006886482,0.00404194975271821,-0.04999396204948425,-0.025997798889875412,0.020991995930671692,-0.06473381817340851,-0.02756570465862751,0.04927818477153778,-0.009469141252338886,0.007399040274322033,-0.012844759039580822,-0.03657040745019913,-0.013258906081318855,-0.0064744045957922935,-0.05651596188545227,-0.017617784440517426,0.010980300605297089,-0.06921002268791199,-0.020604699850082397,0.030825769528746605,-0.02715744636952877,0.028488609939813614,-0.014821356162428856,-0.04154277592897415,0.009706597775220871,-0.01098984107375145,-0.0569966658949852,-0.004378348123282194,0.004013387951999903,-0.06792480498552322,-0.00903402455151081,0.01910186931490898,30.0,640.0,480.0
10,0.6581920385360718,0.9639042019844055,-4.6433331135631306e-07,0.6590905785560608,0.8558792471885681,0.03285696730017662,0.6382555365562439,0.7739749550819397,0.035919126123189926,0.5993337631225586,0.7341985106468201,0.03272434324026108,0.5556206107139587,0.7346923351287842,0.02552352100610733,0.6646561026573181,0.7144299149513245,-0.00074925203807652,0.575190007686615,0.6698287725448608,-0.007639127317816019,0.5254261493682861,0.6735870838165283,-0.007854011841118336,0.49325093626976013,0.6850779056549072,-0.0069012767635285854,0.6362871527671814,0.7328535914421082,-0.024727631360292435,0.5475775003433228,0.6548625230789185,-0.030787786468863487,0.5013148784637451,0.6610571146011353,-0.02914772741496563,0.47055506706237793,0.6749765276908875,-0.028218593448400497,0.6043022871017456,0.7675768136978149,-0.044149722903966904,0.5250320434570312,0.684916079044342,-0.04753592982888222,0.4840468764305115,0.6846886873245239,-0.04303586483001709,0.4570685029029846,0.6891147494316101,-0.04120849445462227,0.5708137154579163,0.8148679733276367,-0.059877026826143265,0.5128026604652405,0.743796706199646,-0.06359899789094925,0.4851115345954895,0.7254984378814697,-0.05814390629529953,0.46312329173088074,0.7115139961242676,-0.05390911549329758,0.018964089453220367,0.08265503495931625,0.03706301376223564,0.023706428706645966,0.04811320826411247,0.04752497747540474,0.015369664877653122,0.022294843569397926,0.05886271968483925,-0.0022067734971642494,0.003040728159248829,0.061004042625427246,-0.020364107564091682,-0.0025959652848541737,0.05502729490399361,0.01472340989857912,-0.013967139646410942,0.017274608835577965,-0.010510612279176712,-0.022616926580667496,0.020288115367293358,-0.032536111772060394,-0.02463635616004467,0.038912009447813034,-0.05504898726940155,-0.019155509769916534,0.05921223387122154,0.0026009688153862953,-0.00491196196526289,0.0004069378483109176,-0.024932608008384705,-0.025723133236169815,0.004365850239992142,-0.050082504749298096,-0.026161571964621544,0.02125895395874977,-0.0655362457036972,-0.02799866907298565,0.04900059849023819,-0.009810876101255417,0.007289645727723837,-0.012855736538767815,-0.03611993417143822,-0.013100311160087585,-0.0060254777781665325,-0.05670756474137306,-0.01775280572474003,0.011032456532120705,-0.07013891637325287,-0.020918674767017365,0.031058600172400475,-0.02722013182938099,0.02797525003552437,-0.014554247260093689,-0.04158531874418259,0.009457400068640709,-0.011113068088889122,-0.057283271104097366,-0.004734513349831104,0.0038011381402611732,-0.06883610039949417,-0.009279107674956322,0.01819152571260929,30.0,640.0,480.0
11,0.6567644476890564,0.9625763297080994,-4.598700513724907e-07,0.6597678661346436,0.8553586006164551,0.0323222279548645,0.6399134397506714,0.7720866203308105,0.035457272082567215,0.6020012497901917,0.7300558686256409,0.03254535794258118,0.5589937567710876,0.7279664278030396,0.025707708671689034,0.6638112664222717,0.7126085162162781,-0.0013565787812694907,0.5736986398696899,0.6667284965515137,-0.008450583554804325,0.5237383842468262,0.6695635318756104,-0.008859305642545223,0.49192312359809875,0.6798022389411926,-0.0079066576436162,0.6354825496673584,0.7321619987487793,-0.0245765820145607,0.5462550520896912,0.6549709439277649,-0.030393952503800392,0.5003186464309692,0.6608778238296509,-0.02846630848944187,0.4708523750305176,0.6744540929794312,-0.02735840529203415,0.603196382522583,0.7668722867965698,-0.04330916330218315,0.524144172668457,0.6849238276481628,-0.04650669917464256,0.4830799698829651,0.6839654445648193,-0.041889868676662445,0.4568219482898712,0.6883420348167419,-0.039917342364788055,0.5696805715560913,0.8133319616317749,-0.05837348848581314,0.5119699239730835,0.7433350682258606,-0.06162430718541145,0.4843660593032837,0.7251225709915161,-0.05605476722121239,0.46301403641700745,0.7114951014518738,-0.05166654288768768,0.01920432783663273,0.08242740482091904,0.037666600197553635,0.023575320839881897,0.04746786877512932,0.04792295768857002,0.01598122902214527,0.021625172346830368,0.058750271797180176,-0.0010910355485975742,0.0018148674862459302,0.061270467936992645,-0.018571356311440468,-0.0037864050827920437,0.05468158423900604,0.014478658325970173,-0.013752714730799198,0.017236851155757904,-0.010974492877721786,-0.022599725052714348,0.020441191270947456,-0.03318323940038681,-0.024979811161756516,0.03855418413877487,-0.055240172892808914,-0.019804298877716064,0.05972197651863098,0.0024741447996348143,-0.004848867654800415,0.0005370788276195526,-0.024880878627300262,-0.024956731125712395,0.004247152712196112,-0.05014198273420334,-0.024887140840291977,0.021792035549879074,-0.0647914856672287,-0.026932304725050926,0.04981953650712967,-0.009424520656466484,0.007150254212319851,-0.01291573978960514,-0.03617161512374878,-0.011946544051170349,-0.005997108295559883,-0.05651146546006203,-0.016868552193045616,0.011325330473482609,-0.06902369856834412,-0.02002866566181183,0.03154457360506058,-0.026814615353941917,0.027964409440755844,-0.014471319504082203,-0.040896907448768616,0.009691445156931877,-0.010552790015935898,-0.05704863369464874,-0.0044210199266672134,0.0048017678782343864,-0.0677177682518959,-0.008678835816681385,0.0194122064858675,30.0,640.0,480.0
12,0.6550456285476685,0.9629968404769897,-4.56857094377483e-07,0.6591947078704834,0.8566861748695374,0.03220079094171524,0.639519453048706,0.7728168964385986,0.03532510623335838,0.6018986701965332,0.7297555208206177,0.03238600492477417,0.558771014213562,0.7271254658699036,0.02549908496439457,0.6626755595207214,0.7124154567718506,-0.0010751463705673814,0.5724555850028992,0.6666651964187622,-0.008316374383866787,0.5224245190620422,0.6692803502082825,-0.009133107960224152,0.4907168745994568,0.679262638092041,-0.008426898159086704,0.6344285607337952,0.7323204278945923,-0.024140046909451485,0.5450531244277954,0.6556187868118286,-0.029599852859973907,0.49954187870025635,0.6604276895523071,-0.027427591383457184,0.4706435799598694,0.6731600761413574,-0.02629142440855503,0.6021223664283752,0.7674124240875244,-0.04280196130275726,0.5232670903205872,0.6845813393592834,-0.04602688550949097,0.4825812578201294,0.6829050183296204,-0.04109451174736023,0.45676830410957336,0.687250018119812,-0.038883358240127563,0.5685827732086182,0.8141308426856995,-0.05782700702548027,0.5115793943405151,0.7427895665168762,-0.061153680086135864,0.4841550886631012,0.7242444753646851,-0.055384259670972824,0.4627807140350342,0.7107897400856018,-0.05080617964267731,0.018159227445721626,0.0814008042216301,0.03729134798049927,0.022437606006860733,0.046677324920892715,0.047706395387649536,0.014950301498174667,0.021045396104454994,0.058168135583400726,-0.0014642406022176147,0.0023620883002877235,0.06083626672625542,-0.018377844244241714,-0.0032103906851261854,0.05412832275032997,0.013531471602618694,-0.013066214509308338,0.017207814380526543,-0.010993030853569508,-0.021571489050984383,0.020426854491233826,-0.032944463193416595,-0.02425040304660797,0.03809930756688118,-0.05466648191213608,-0.019363436847925186,0.058463189750909805,0.00227191299200058,-0.0046523017808794975,0.0006190327694639564,-0.023894459009170532,-0.023848259821534157,0.004216175060719252,-0.04919784516096115,-0.024581758305430412,0.021220900118350983,-0.06332239508628845,-0.027284888550639153,0.04895302280783653,-0.008712321519851685,0.006773103028535843,-0.012766082771122456,-0.03458291292190552,-0.011889910325407982,-0.006065506022423506,-0.054888203740119934,-0.0170606542378664,0.010909360833466053,-0.06773959845304489,-0.02057330310344696,0.031086869537830353,-0.025882484391331673,0.027010831981897354,-0.01462190318852663,-0.039095062762498856,0.009232851676642895,-0.010846082121133804,-0.05492999032139778,-0.004806176759302616,0.004123192746192217,-0.0660170465707779,-0.009258978068828583,0.01888292282819748,30.0,640.0,480.0
13,0.6563753485679626,0.9634786248207092,-4.6739205572521314e-07,0.6588808298110962,0.8552947640419006,0.03539557009935379,0.6383167505264282,0.7721362113952637,0.04012264311313629,0.5997960567474365,0.7293086051940918,0.03822493925690651,0.5557622313499451,0.7274144887924194,0.03233161196112633,0.66194087266922,0.7121780514717102,0.0016815848648548126,0.5705447196960449,0.6655946373939514,-0.0034610657021403313,0.5213075280189514,0.66917884349823,-0.0019428306259214878,0.4898490905761719,0.6798180341720581,0.0004724904429167509,0.6340721249580383,0.7313588857650757,-0.02246028371155262,0.5443544387817383,0.6540830135345459,-0.02609274908900261,0.4997714161872864,0.6596252918243408,-0.022255713120102882,0.4707098603248596,0.6729825735092163,-0.01965777389705181,0.6023337244987488,0.7659955024719238,-0.041820086538791656,0.5229495763778687,0.682304322719574,-0.043210048228502274,0.4828600287437439,0.6811276078224182,-0.03672438859939575,0.4566432237625122,0.6854090690612793,-0.03331121802330017,0.5689225196838379,0.8135915994644165,-0.05731218680739403,0.5104518532752991,0.741159200668335,-0.059683773666620255,0.4827982783317566,0.7211132645606995,-0.05307887867093086,0.46073073148727417,0.7057674527168274,-0.04754675179719925,0.019351355731487274,0.08338634669780731,0.03629907965660095,0.023916954174637794,0.04853564873337746,0.04824669659137726,0.015901897102594376,0.022749871015548706,0.05953298136591911,-0.0011190371587872505,0.002685556886717677,0.063801608979702,-0.01878121867775917,-0.0036296076141297817,0.0582280308008194,0.014196879230439663,-0.013926396146416664,0.018062306568026543,-0.011620747856795788,-0.023132625967264175,0.021405411884188652,-0.03331008553504944,-0.025115499272942543,0.03909709304571152,-0.055106986314058304,-0.019957590848207474,0.059697046875953674,0.0023627278860658407,-0.005097726825624704,0.0003869654901791364,-0.024345841258764267,-0.025388555601239204,0.004894748330116272,-0.049258921295404434,-0.025535106658935547,0.02243080548942089,-0.06357626616954803,-0.02713298611342907,0.05060815066099167,-0.009661681018769741,0.007211988791823387,-0.013595874421298504,-0.036171942949295044,-0.012778092175722122,-0.006161912810057402,-0.05588231235742569,-0.01742035709321499,0.011302278377115726,-0.06816770136356354,-0.02034260705113411,0.03204833343625069,-0.027133435010910034,0.02850339002907276,-0.015595444478094578,-0.04045515134930611,0.009548919275403023,-0.012015408836305141,-0.05686938017606735,-0.00516795227304101,0.0034639998339116573,-0.06808225065469742,-0.009940949268639088,0.018565958365797997,30.0,640.0,480.0
14,0.6533881425857544,0.9631168842315674,-4.755858356020326e-07,0.6565057039260864,0.85361647605896,0.036759406328201294,0.6366096138954163,0.7712776064872742,0.041971854865550995,0.5997534394264221,0.729727029800415,0.04006443917751312,0.5565925240516663,0.7292438745498657,0.03416898474097252,0.6606931090354919,0.7126941084861755,0.003202104475349188,0.5704284310340881,0.6650668978691101,-0.002199471928179264,0.5215874314308167,0.6686465740203857,-0.0006328122690320015,0.49068760871887207,0.679432213306427,0.0019199667731299996,0.6324136853218079,0.7313071489334106,-0.02187199890613556,0.5433282852172852,0.6538893580436707,-0.02581867203116417,0.49851325154304504,0.6603005528450012,-0.021836521103978157,0.46980637311935425,0.6747385263442993,-0.018885061144828796,0.6004992723464966,0.7656248211860657,-0.0422101765871048,0.521533727645874,0.681331992149353,-0.043726950883865356,0.48125553131103516,0.6815292835235596,-0.03670743852853775,0.4555377960205078,0.6870481371879578,-0.03274037316441536,0.5671960115432739,0.8123941421508789,-0.058651816099882126,0.5090783834457397,0.7394520044326782,-0.06139439716935158,0.48092687129974365,0.7200008034706116,-0.054692305624485016,0.4588255286216736,0.7056381106376648,-0.04885760322213173,0.018865760415792465,0.08294112235307693,0.03627509996294975,0.023725714534521103,0.048108022660017014,0.04778636619448662,0.016284065321087837,0.022393519058823586,0.06007622554898262,-0.0009479604195803404,0.0024930124636739492,0.06387069076299667,-0.01835840381681919,-0.003394369501620531,0.05993316322565079,0.014409730210900307,-0.013764544390141964,0.018131541088223457,-0.011261084116995335,-0.023320231586694717,0.021645398810505867,-0.03307230770587921,-0.02542806603014469,0.03999188914895058,-0.05454389378428459,-0.01961100846529007,0.06028296798467636,0.002594254445284605,-0.005134482868015766,0.000365325016900897,-0.02482910268008709,-0.025286991149187088,0.004692253656685352,-0.049752023071050644,-0.024769561365246773,0.02270868793129921,-0.06370113790035248,-0.026224877685308456,0.05096257105469704,-0.009656878188252449,0.007270516827702522,-0.013419898226857185,-0.03677600622177124,-0.013012014329433441,-0.006287244614213705,-0.05626939982175827,-0.01703546568751335,0.011288036592304707,-0.06882504373788834,-0.019564539194107056,0.0322534553706646,-0.027121247723698616,0.02833922579884529,-0.01581117883324623,-0.041099708527326584,0.009508112445473671,-0.012184398248791695,-0.057488683611154556,-0.00502028688788414,0.0025313501246273518,-0.0683404952287674,-0.009783375076949596,0.017323900014162064,30.0,640.0,480.0
15,0.6490258574485779,0.9613856673240662,-4.497578345308284e-07,0.6527124047279358,0.852931022644043,0.033848151564598083,0.633908212184906,0.7699611783027649,0.03685838356614113,0.5964553356170654,0.7283746004104614,0.032997116446495056,0.5530529618263245,0.7272488474845886,0.025107335299253464,0.6571558713912964,0.7127435207366943,0.0007593356422148645,0.567578136920929,0.6641435623168945,-0.006647970527410507,0.5188180804252625,0.6687650680541992,-0.00745241018012166,0.4886094927787781,0.6806008815765381,-0.006396978162229061,0.6282521486282349,0.7318375110626221,-0.02344309724867344,0.5411489009857178,0.6550264954566956,-0.028416147455573082,0.49604368209838867,0.6602140665054321,-0.0257580503821373,0.4675183594226837,0.674224853515625,-0.02398412674665451,0.5959653854370117,0.7661076784133911,-0.04325167462229729,0.518459677696228,0.6823334097862244,-0.04532764106988907,0.47898292541503906,0.6824672222137451,-0.03913995996117592,0.4548373520374298,0.6894177198410034,-0.03587189316749573,0.5628710985183716,0.8117055296897888,-0.05947357788681984,0.5060580372810364,0.7399183511734009,-0.061876047402620316,0.4794537425041199,0.721192479133606,-0.0551401823759079,0.45967599749565125,0.708378791809082,-0.04952191933989525,0.0187807809561491,0.08344519138336182,0.03817896544933319,0.02425120398402214,0.04803479090332985,0.04882949963212013,0.017055077478289604,0.0215360876172781,0.05923880264163017,-0.0005755808670073748,0.001342139788903296,0.06073744222521782,-0.019226310774683952,-0.004552814178168774,0.05413182079792023,0.015229985117912292,-0.014145052060484886,0.01732591912150383,-0.011022420600056648,-0.024271151050925255,0.020551137626171112,-0.03310279920697212,-0.025531457737088203,0.039194505661726,-0.05431031435728073,-0.01954907737672329,0.060196928679943085,0.0026900041848421097,-0.004903809633105993,0.00017569412011653185,-0.02499171532690525,-0.025617696344852448,0.00404574116691947,-0.05011839419603348,-0.02497532218694687,0.02291509136557579,-0.06412677466869354,-0.025977976620197296,0.051321275532245636,-0.00994874443858862,0.00760040944442153,-0.012746919877827168,-0.03732620179653168,-0.012720771133899689,-0.0053948950953781605,-0.05708468705415726,-0.017136048525571823,0.012333359569311142,-0.06883713603019714,-0.01901901327073574,0.03325648233294487,-0.027811970561742783,0.028713323175907135,-0.014195217750966549,-0.04198191314935684,0.009823700413107872,-0.010349330492317677,-0.05786602944135666,-0.0048324353992938995,0.0049817985855042934,-0.06768617779016495,-0.009527376852929592,0.019524065777659416,30.0,640.0,480.0
16,0.6429811120033264,0.9601608514785767,-4.208379493775283e-07,0.6457358598709106,0.8522764444351196,0.03218797594308853,0.6256847977638245,0.7698429226875305,0.034827835857868195,0.5860120058059692,0.730052649974823,0.03088397905230522,0.5413942933082581,0.7302256226539612,0.02292529121041298,0.6518610715866089,0.7132667899131775,0.0010731336660683155,0.5634769201278687,0.6634833216667175,-0.005247154738754034,0.5156909227371216,0.6673911213874817,-0.006138235796242952,0.4856969118118286,0.6785642504692078,-0.005399246700108051,0.6239233016967773,0.7316334247589111,-0.02191956527531147,0.5380359888076782,0.6571363806724548,-0.025752656161785126,0.4936951994895935,0.6617611050605774,-0.024078957736492157,0.46455347537994385,0.6751171350479126,-0.023221617564558983,0.5919398665428162,0.7651700973510742,-0.04055145010352135,0.5146748423576355,0.6856350302696228,-0.0410752147436142,0.4760541021823883,0.6844103336334229,-0.035738058388233185,0.4512806534767151,0.6900009512901306,-0.033400777727365494,0.5581082105636597,0.8101547360420227,-0.05577388405799866,0.5016136765480042,0.7409569025039673,-0.05640433356165886,0.47605568170547485,0.722117006778717,-0.04924770072102547,0.45663607120513916,0.7089785933494568,-0.04357870668172836,0.017292892560362816,0.08364205807447433,0.03883577510714531,0.023412346839904785,0.04910958930850029,0.04945361241698265,0.014646082185208797,0.021540720015764236,0.05901848152279854,-0.0025920355692505836,0.0018723990069702268,0.06109743192791939,-0.02196311205625534,-0.004189605824649334,0.05318589508533478,0.01504616066813469,-0.013554365374147892,0.01736777275800705,-0.010310715064406395,-0.024129193276166916,0.02053189091384411,-0.03324058651924133,-0.026585981249809265,0.038439348340034485,-0.053451355546712875,-0.021159257739782333,0.06039922684431076,0.002151872729882598,-0.00531495688483119,0.00018351055041421205,-0.024283355101943016,-0.025999093428254128,0.003908840008080006,-0.049353715032339096,-0.025602485984563828,0.023138290271162987,-0.06373296678066254,-0.025813600048422813,0.05224679410457611,-0.010232175700366497,0.007659312337636948,-0.012939280830323696,-0.03624771162867546,-0.012244420126080513,-0.004711108282208443,-0.05595245212316513,-0.016661131754517555,0.013521992601454258,-0.06719882041215897,-0.01918291673064232,0.033524587750434875,-0.027539124712347984,0.028237005695700645,-0.013768410310149193,-0.04206806421279907,0.008767927065491676,-0.009653528220951557,-0.05760270357131958,-0.0052884952165186405,0.007016661576926708,-0.06825272738933563,-0.009880747646093369,0.02137060835957527,30.0,640.0,480.0
17,0.6378517150878906,0.9601974487304688,-3.893300402069144e-07,0.6384396553039551,0.8550024032592773,0.029797295108437538,0.6175548434257507,0.7725039720535278,0.03166860714554787,0.577984631061554,0.7351278066635132,0.02710956335067749,0.533332884311676,0.7360914945602417,0.018898848444223404,0.6432334184646606,0.7142340540885925,0.0023899737279862165,0.5585241317749023,0.6651080250740051,-0.00500231608748436,0.5129597783088684,0.6690175533294678,-0.007540869060903788,0.48471584916114807,0.6797338128089905,-0.007779221516102552,0.6163613796234131,0.7325637936592102,-0.019673174247145653,0.5334668755531311,0.6588881611824036,-0.024277299642562866,0.4914883077144623,0.6643157005310059,-0.023259250447154045,0.4639921188354492,0.6790393590927124,-0.022300567477941513,0.5848600268363953,0.765792727470398,-0.0379335880279541,0.5101932287216187,0.6881945133209229,-0.03900220990180969,0.47366324067115784,0.6873008012771606,-0.03379910811781883,0.4501444101333618,0.6932110786437988,-0.030895717442035675,0.5508801341056824,0.8102338314056396,-0.053119294345378876,0.49615445733070374,0.7431401014328003,-0.053501226007938385,0.4715268015861511,0.7236993312835693,-0.0461466982960701,0.45264142751693726,0.7098838090896606,-0.0399867482483387,0.019105002284049988,0.0859208032488823,0.03704375401139259,0.02549753710627556,0.05168023332953453,0.047985855489969254,0.01536637730896473,0.022724682465195656,0.057738568633794785,-0.0025574651081115007,0.0025530520360916853,0.0596754252910614,-0.023426085710525513,-0.003752885153517127,0.05145977810025215,0.01625988259911537,-0.015100983902812004,0.01736212894320488,-0.009829997085034847,-0.025760304182767868,0.02016063965857029,-0.03237496688961983,-0.02759925089776516,0.03788432851433754,-0.052497681230306625,-0.022766007110476494,0.059246599674224854,0.0024526056367903948,-0.005800873972475529,0.00016730678908061236,-0.025585437193512917,-0.02756807580590248,0.004267210140824318,-0.04934477061033249,-0.026170019060373306,0.023795532062649727,-0.06292249262332916,-0.025397686287760735,0.05251471325755119,-0.01124819926917553,0.00833528395742178,-0.013064664788544178,-0.03760617971420288,-0.012944906949996948,-0.004352455958724022,-0.05681171268224716,-0.016749132424592972,0.014195333234965801,-0.06734462827444077,-0.018609222024679184,0.03415994346141815,-0.028577441349625587,0.029832929372787476,-0.013966233469545841,-0.04381831735372543,0.009558217599987984,-0.009364773519337177,-0.05904359742999077,-0.00531730055809021,0.00742656085640192,-0.06972221285104752,-0.009924103505909443,0.022550081834197044,30.0,640.0,480.0
18,0.6293659806251526,0.9595770835876465,-3.659706351299974e-07,0.6274023652076721,0.8540923595428467,0.03074493072926998,0.6082745790481567,0.7759347558021545,0.03313130885362625,0.5722493529319763,0.7401809096336365,0.028313996270298958,0.5298838019371033,0.7425057888031006,0.019693763926625252,0.6319121718406677,0.7154690027236938,0.007625913713127375,0.5503348708152771,0.668462336063385,0.00012364525173325092,0.5064660310745239,0.6737685799598694,-0.004149870481342077,0.48048993945121765,0.6838082671165466,-0.005378770176321268,0.6058763861656189,0.7338428497314453,-0.014721923507750034,0.52643221616745,0.663232147693634,-0.01762186363339424,0.4853842556476593,0.6688467860221863,-0.01665184274315834,0.45970550179481506,0.684033215045929,-0.015770751982927322,0.5751907229423523,0.7670361995697021,-0.033626675605773926,0.5042414665222168,0.6928234696388245,-0.03285475820302963,0.4687764048576355,0.6927946209907532,-0.027107803151011467,0.4472379684448242,0.7000218033790588,-0.0237618088722229,0.5418251156806946,0.8114094138145447,-0.04966314136981964,0.4893723130226135,0.7442668676376343,-0.047807950526475906,0.4664841890335083,0.7261661887168884,-0.0387536883354187,0.4501020908355713,0.715233564376831,-0.031217586249113083,0.019936619326472282,0.08687000721693039,0.03380231931805611,0.02591419219970703,0.05296294018626213,0.046649619936943054,0.0174240805208683,0.024526795372366905,0.05725444480776787,-0.0005788905546069145,0.00423590000718832,0.06189200282096863,-0.02067245915532112,-0.0019694750662893057,0.05611112713813782,0.01670690067112446,-0.015203951857984066,0.018499182537198067,-0.009993203915655613,-0.02611830085515976,0.021574534475803375,-0.0319456122815609,-0.02727787382900715,0.039345137774944305,-0.051613517105579376,-0.021876927465200424,0.05984614044427872,0.002704632468521595,-0.005912672728300095,0.0006485398043878376,-0.02571849152445793,-0.027614930644631386,0.004670376423746347,-0.0489041842520237,-0.025425264611840248,0.025209126994013786,-0.062079619616270065,-0.02407698705792427,0.05291327089071274,-0.011174274608492851,0.00857720710337162,-0.013234145939350128,-0.03823340684175491,-0.012248915620148182,-0.005943139549344778,-0.056618399918079376,-0.015841465443372726,0.014548075385391712,-0.06726952642202377,-0.016232145950198174,0.03533659130334854,-0.029248176142573357,0.0312210600823164,-0.015391496941447258,-0.04390241578221321,0.009904999285936356,-0.010925384238362312,-0.0591994933784008,-0.004651104565709829,0.005078779999166727,-0.06877218931913376,-0.009055509231984615,0.020617466419935226,30.0,640.0,480.0
19,0.6210776567459106,0.9593870639801025,-3.577284815037274e-07,0.622897207736969,0.8542633056640625,0.03128647804260254,0.6046067476272583,0.7770347595214844,0.03510930389165878,0.5686635375022888,0.7421908974647522,0.03178749606013298,0.527044951915741,0.7445773482322693,0.02489074319601059,0.6227627396583557,0.7190133333206177,0.010529222898185253,0.5434297323226929,0.6732863187789917,0.0054623158648610115,0.5015513896942139,0.6810526847839355,0.002575766062363982,0.47758764028549194,0.6923246383666992,0.001918820315040648,0.5955817699432373,0.735724925994873,-0.010995784774422646,0.519130289554596,0.6690270900726318,-0.011238173581659794,0.4802784025669098,0.6756956577301025,-0.009578375145792961,0.45670005679130554,0.6912134885787964,-0.008844258263707161,0.56483393907547,0.7669046521186829,-0.02903064899146557,0.49667683243751526,0.6956703662872314,-0.02611677721142769,0.462780237197876,0.6972655057907104,-0.020569125190377235,0.4427930414676666,0.7059934139251709,-0.017997881397604942,0.5324869751930237,0.8091417551040649,-0.04415407404303551,0.4812929034233093,0.7452579140663147,-0.040523577481508255,0.45985448360443115,0.7305744290351868,-0.031183255836367607,0.44503337144851685,0.7232038378715515,-0.02389492094516754,0.02206098474562168,0.08779679983854294,0.03175909444689751,0.028833426535129547,0.053810227662324905,0.04521981254220009,0.02045176923274994,0.024616653099656105,0.058714158833026886,0.002574420068413019,0.0038077766075730324,0.06646198779344559,-0.017773685976862907,-0.0027859259862452745,0.06250862777233124,0.01735251024365425,-0.014355018734931946,0.0184453297406435,-0.00912450347095728,-0.025120025500655174,0.022275257855653763,-0.03094686008989811,-0.026672936975955963,0.04147748276591301,-0.04998932406306267,-0.02008018270134926,0.06364577263593674,0.0027053160592913628,-0.006128729786723852,0.00014736563025508076,-0.02623988501727581,-0.02710266038775444,0.006047382950782776,-0.048628441989421844,-0.023678302764892578,0.027179066091775894,-0.06061076372861862,-0.02284897491335869,0.05538928881287575,-0.011744173243641853,0.008133545517921448,-0.013174661435186863,-0.03884989395737648,-0.012046406045556068,-0.004137926734983921,-0.05710641294717789,-0.01480136439204216,0.01665603742003441,-0.06676051020622253,-0.01473348867148161,0.037762999534606934,-0.02961551770567894,0.03084973618388176,-0.01497709657996893,-0.04526088759303093,0.009984984062612057,-0.009095855057239532,-0.060114022344350815,-0.0035765739157795906,0.008098559454083443,-0.06820696592330933,-0.006831929087638855,0.02289135567843914,30.0,640.0,480.0
20,0.6026553511619568,0.9600812196731567,-3.129804042600881e-07,0.6052594184875488,0.8557718396186829,0.03260916471481323,0.585917592048645,0.7811252474784851,0.03792566433548927,0.5499433279037476,0.7496762275695801,0.03592503443360329,0.5100604891777039,0.7553195953369141,0.03048768639564514,0.6050752401351929,0.7286151051521301,0.015629727393388748,0.5327695608139038,0.6872329115867615,0.014184076339006424,0.49487319588661194,0.6981348991394043,0.012667769566178322,0.4736737906932831,0.709221363067627,0.012096823193132877,0.5753662586212158,0.7428784370422363,-0.005681226495653391,0.505781888961792,0.6772781014442444,-0.0020417864434421062,0.47274988889694214,0.6866624355316162,0.0011358766350895166,0.45433759689331055,0.7019520401954651,0.0022010437678545713,0.5445253252983093,0.7710095047950745,-0.023458659648895264,0.4823324382305145,0.7032420039176941,-0.01575358398258686,0.455045223236084,0.7080986499786377,-0.008356772363185883,0.4412345588207245,0.7172091007232666,-0.0059610470198094845,0.5138367414474487,0.8093118667602539,-0.038632992655038834,0.4681461453437805,0.7540925145149231,-0.0302824005484581,0.4534568190574646,0.7454267144203186,-0.0189883541315794,0.4444310963153839,0.7421467900276184,-0.011556839570403099,0.024655165150761604,0.090203195810318,0.03255879878997803,0.031898003071546555,0.05615135654807091,0.04372453689575195,0.02392926998436451,0.02580874413251877,0.05499636009335518,0.004032797645777464,0.004187616519629955,0.05757853388786316,-0.01770215667784214,-0.0017121895216405392,0.048117950558662415,0.018828442320227623,-0.01463789027184248,0.01608443446457386,-0.006075091660022736,-0.024802222847938538,0.019235743209719658,-0.025088481605052948,-0.02564908191561699,0.03948264569044113,-0.043929167091846466,-0.020074106752872467,0.06306646019220352,0.0027781561948359013,-0.00626738928258419,-0.0002499684924259782,-0.025486581027507782,-0.02859042026102543,0.00602281978353858,-0.04463416710495949,-0.025186188519001007,0.027549581602215767,-0.05557074397802353,-0.024522880092263222,0.05538392439484596,-0.013763905502855778,0.008091902360320091,-0.011913643218576908,-0.03941125422716141,-0.01383204571902752,-0.0007978900102898479,-0.05530506372451782,-0.015644127503037453,0.01951308734714985,-0.06142415106296539,-0.014543013647198677,0.04014941677451134,-0.031097445636987686,0.031192827969789505,-0.01187527272850275,-0.04712611809372902,0.00980094913393259,-0.0048019764944911,-0.05909530445933342,-0.0016935346648097038,0.013051226735115051,-0.06444001942873001,-0.002870810218155384,0.028392048552632332,30.0,640.0,480.0
21,0.6041505932807922,0.9573700428009033,-3.1000993772067886e-07,0.6099835634231567,0.8560265898704529,0.029633887112140656,0.5911394953727722,0.7832143306732178,0.03345740959048271,0.5517516136169434,0.750767171382904,0.030988026410341263,0.5104253888130188,0.7568858861923218,0.025509461760520935,0.6073170304298401,0.7304019927978516,0.008608282543718815,0.5325865745544434,0.6881615519523621,0.006195222493261099,0.494035542011261,0.6982543468475342,0.006772945169359446,0.4728291630744934,0.7109048962593079,0.008095920085906982,0.575804591178894,0.7442132234573364,-0.01144875306636095,0.505470335483551,0.6757043600082397,-0.010217082686722279,0.4722558259963989,0.6863054037094116,-0.00594149949029088,0.4545443058013916,0.7027141451835632,-0.0032650576904416084,0.54400235414505,0.7724540829658508,-0.02779530920088291,0.48127126693725586,0.7036694288253784,-0.022850656881928444,0.45359867811203003,0.7109511494636536,-0.014937955886125565,0.44025740027427673,0.7202320694923401,-0.011379169300198555,0.512653112411499,0.8117614984512329,-0.04147649183869362,0.4678364396095276,0.7538831233978271,-0.035436831414699554,0.4527144730091095,0.746678352355957,-0.02458459697663784,0.44382762908935547,0.7426797747612,-0.01696588099002838,0.02693702094256878,0.0897558405995369,0.03432009369134903,0.03378702700138092,0.05561482161283493,0.04514892399311066,0.025664474815130234,0.02623133733868599,0.057190150022506714,0.004290826618671417,0.0036601468455046415,0.059850238263607025,-0.01808767206966877,0.0004927113186568022,0.05497870594263077,0.019621683284640312,-0.014933133497834206,0.01612354815006256,-0.005403769668191671,-0.025644605979323387,0.019822221249341965,-0.026102254167199135,-0.026145104318857193,0.03998980298638344,-0.044187769293785095,-0.018928861245512962,0.06352996081113815,0.0030905595049262047,-0.006208881735801697,-0.0005042735720053315,-0.025833459571003914,-0.02904152311384678,0.006051234435290098,-0.04522285610437393,-0.025535110384225845,0.029083270579576492,-0.05586142838001251,-0.023147493600845337,0.05732826888561249,-0.01415379997342825,0.008762137964367867,-0.0122685506939888,-0.040694549679756165,-0.013201327063143253,-0.00167643534950912,-0.05604077875614166,-0.014585668221116066,0.020627018064260483,-0.06226273626089096,-0.012973888777196407,0.04234348237514496,-0.03170211985707283,0.03260243311524391,-0.011898611672222614,-0.04675808921456337,0.01012314110994339,-0.00442851148545742,-0.05946890637278557,-0.0011919429525732994,0.014908330515027046,-0.06404401361942291,-0.0024777427315711975,0.03170625492930412,30.0,640.0,480.0
22,0.6006698608398438,0.9609174132347107,-3.099389118688123e-07,0.608511209487915,0.8595882654190063,0.02923891507089138,0.5918401479721069,0.7858107089996338,0.033543847501277924,0.5549095273017883,0.7510653734207153,0.031376615166664124,0.515148401260376,0.7545651793479919,0.026205478236079216,0.6077274680137634,0.7321958541870117,0.011007866822183132,0.5327371954917908,0.6913185119628906,0.007897665724158287,0.4935433864593506,0.7002868056297302,0.007215611636638641,0.4717172682285309,0.7129554152488708,0.007843665778636932,0.5760121941566467,0.745259702205658,-0.008784581907093525,0.5059179067611694,0.6777248382568359,-0.007719456683844328,0.47229719161987305,0.6866817474365234,-0.003957195673137903,0.45421165227890015,0.702143669128418,-0.00153929996304214,0.5438174605369568,0.7728838324546814,-0.02527647651731968,0.4809391498565674,0.7043854594230652,-0.021056266501545906,0.45256340503692627,0.7107939124107361,-0.013410457409918308,0.4391170144081116,0.7201971411705017,-0.00966697372496128,0.5118489265441895,0.8114364147186279,-0.039214860647916794,0.46609628200531006,0.7535617351531982,-0.03344200924038887,0.4503045380115509,0.7467653155326843,-0.02247745729982853,0.44152191281318665,0.74417644739151,-0.014592546038329601,0.025304902344942093,0.0907810851931572,0.03381537273526192,0.032747890800237656,0.05642421171069145,0.044302135705947876,0.02652808092534542,0.026412541046738625,0.05645039305090904,0.005780166480690241,0.002925924491137266,0.059059057384729385,-0.01601368561387062,-0.001856982009485364,0.054169222712516785,0.020157961174845695,-0.015106143429875374,0.016253890469670296,-0.005245949141681194,-0.025146499276161194,0.019906846806406975,-0.02668207883834839,-0.02605101466178894,0.03958728164434433,-0.04466046020388603,-0.017970087006688118,0.062238406389951706,0.0027243804652243853,-0.006244067568331957,-0.00041885158861987293,-0.025923127308487892,-0.02881379798054695,0.005935592111200094,-0.04540685564279556,-0.026186533272266388,0.02800653874874115,-0.05629102885723114,-0.025070015341043472,0.056122928857803345,-0.013918302953243256,0.008810363709926605,-0.011936075985431671,-0.04155530780553818,-0.013448311015963554,-0.002652444178238511,-0.056661199778318405,-0.01522684097290039,0.019176825881004333,-0.06379830837249756,-0.0138575229793787,0.040586214512586594,-0.032365582883358,0.032344751060009,-0.011996000073850155,-0.04858106002211571,0.010210869833827019,-0.005229255184531212,-0.06073211878538132,-0.0008901627734303474,0.013245872221887112,-0.06530585885047913,-0.002074984833598137,0.029098503291606903,30.0,640.0,480.0
23,0.6010349988937378,0.9612424373626709,-2.9656357014573587e-07,0.6070206165313721,0.859416663646698,0.029844773933291435,0.5882940292358398,0.7865982055664062,0.033804699778556824,0.5499578714370728,0.7548583745956421,0.03111770749092102,0.5090973377227783,0.7609813809394836,0.025153135880827904,0.6056923866271973,0.734472930431366,0.010731185786426067,0.5318775177001953,0.6915081739425659,0.008088409900665283,0.49322643876075745,0.6997838020324707,0.007418603170663118,0.4716188311576843,0.7109227776527405,0.007754986640065908,0.5742245316505432,0.7480143308639526,-0.009633686393499374,0.5058742165565491,0.6789237856864929,-0.008063942193984985,0.47255247831344604,0.6873357892036438,-0.00480013620108366,0.4543426036834717,0.7028498649597168,-0.0030837294179946184,0.5424373149871826,0.7758171558380127,-0.026525206863880157,0.480732262134552,0.7068773508071899,-0.02132028341293335,0.4524056911468506,0.7118852138519287,-0.01479802280664444,0.43831488490104675,0.7204359769821167,-0.012433599680662155,0.5111478567123413,0.8142334818840027,-0.040797825902700424,0.4670296907424927,0.757348895072937,-0.03428075462579727,0.45239171385765076,0.7511972784996033,-0.023799559101462364,0.4442352056503296,0.749167263507843,-0.01672217808663845,0.025430578738451004,0.09057169407606125,0.03508711978793144,0.03277304768562317,0.055836841464042664,0.0454520545899868,0.025137856602668762,0.026394560933113098,0.05663532018661499,0.003857652423903346,0.00408574752509594,0.05846518650650978,-0.01806582883000374,0.0002646201755851507,0.05238207057118416,0.01976201683282852,-0.015027224086225033,0.016129063442349434,-0.005073143634945154,-0.025782214477658272,0.019731011241674423,-0.025973457843065262,-0.02729891613125801,0.039645642042160034,-0.04424414411187172,-0.02013009786605835,0.06245724484324455,0.002924275118857622,-0.00625139195472002,-0.00048336427425965667,-0.02534988522529602,-0.029390588402748108,0.006139588076621294,-0.04447115957736969,-0.0267728753387928,0.02812664955854416,-0.055642638355493546,-0.0255424827337265,0.05639762803912163,-0.014061310328543186,0.008858918212354183,-0.011923733167350292,-0.04066607356071472,-0.013345783576369286,-0.001666422002017498,-0.056161463260650635,-0.015601113438606262,0.020185505971312523,-0.06313309073448181,-0.014640270732343197,0.04116414114832878,-0.03213818371295929,0.032065022736787796,-0.011732463724911213,-0.04764070361852646,0.010389196686446667,-0.004533211700618267,-0.05918462201952934,-0.0006928080692887306,0.014783591032028198,-0.06344877928495407,-0.0013251705095171928,0.030556419864296913,30.0,640.0,480.0
24,0.600829005241394,0.9608040452003479,-2.9710508897551335e-07,0.6078842878341675,0.8592789173126221,0.03023776039481163,0.5906871557235718,0.7870572805404663,0.034425221383571625,0.554855465888977,0.7540333271026611,0.031793367117643356,0.5150632858276367,0.7592280507087708,0.02580152451992035,0.6045734286308289,0.7328408360481262,0.010819898918271065,0.5315525531768799,0.6918872594833374,0.008247298188507557,0.49346205592155457,0.6994766592979431,0.008093975484371185,0.4721972644329071,0.7093743681907654,0.008763084188103676,0.5731863975524902,0.7468395233154297,-0.009986991994082928,0.5045372843742371,0.679987907409668,-0.008741932921111584,0.47146233916282654,0.6886411309242249,-0.004938274156302214,0.4536101222038269,0.7036122679710388,-0.002690606052055955,0.541647732257843,0.7757992148399353,-0.027311168611049652,0.47997280955314636,0.7076376080513,-0.022918984293937683,0.45171377062797546,0.7131910920143127,-0.015836812555789948,0.4379635751247406,0.7218713164329529,-0.012764320708811283,0.5110562443733215,0.8153764009475708,-0.041974831372499466,0.46655118465423584,0.7577622532844543,-0.03649761155247688,0.4516097903251648,0.7506462931632996,-0.02609477937221527,0.4435509443283081,0.7479162216186523,-0.01874139904975891,0.026905959472060204,0.09081467986106873,0.03375350311398506,0.033955857157707214,0.05654984340071678,0.04501882568001747,0.027470160275697708,0.02684948593378067,0.05737364664673805,0.006787572987377644,0.003715713042765856,0.060662560164928436,-0.014350183308124542,-0.0006977226585149765,0.056873466819524765,0.020149394869804382,-0.015232311561703682,0.016166411340236664,-0.004823744762688875,-0.026369856670498848,0.020288078114390373,-0.025656377896666527,-0.02766420505940914,0.040430907160043716,-0.04396896809339523,-0.021229542791843414,0.0637524425983429,0.0029824250377714634,-0.006325144320726395,-0.0004597736697178334,-0.025800026953220367,-0.029399381950497627,0.006067791488021612,-0.044903773814439774,-0.026664284989237785,0.029570193961262703,-0.05605626106262207,-0.025309963151812553,0.05853356420993805,-0.014243733137845993,0.009050099179148674,-0.012043751776218414,-0.04087279736995697,-0.013477043248713017,-0.0021645950619131327,-0.05654868856072426,-0.015427730046212673,0.020572170615196228,-0.06382087618112564,-0.014261606149375439,0.0427045039832592,-0.03204983472824097,0.03289681673049927,-0.011983412317931652,-0.04752207547426224,0.010428547859191895,-0.004675386473536491,-0.05969909206032753,-0.0007041636854410172,0.014157166704535484,-0.06425624340772629,-0.002039935439825058,0.031145360320806503,30.0,640.0,480.0
25,0.5990819334983826,0.9604493975639343,-2.9579646820820926e-07,0.6076876521110535,0.8599684834480286,0.02972077764570713,0.5910559892654419,0.7879581451416016,0.03391927480697632,0.5550204515457153,0.7545647621154785,0.031462591141462326,0.5155406594276428,0.7586060762405396,0.025818191468715668,0.6043409705162048,0.7331743240356445,0.011257359758019447,0.5318123698234558,0.6917786002159119,0.009021366946399212,0.49345824122428894,0.6997342705726624,0.008743459358811378,0.4730267822742462,0.7101542949676514,0.009234323166310787,0.5727224349975586,0.7471646666526794,-0.008869905024766922,0.5039399266242981,0.6807488203048706,-0.007301261182874441,0.47090017795562744,0.6897208094596863,-0.003697712440043688,0.45431965589523315,0.7046943306922913,-0.0017578464467078447,0.5410394072532654,0.7757622599601746,-0.02557925321161747,0.4795091152191162,0.707912802696228,-0.020801322534680367,0.451322466135025,0.7138438820838928,-0.013983502984046936,0.4384390413761139,0.7231075763702393,-0.011322824284434319,0.5107134580612183,0.8145980834960938,-0.0396750271320343,0.4668962061405182,0.7573502659797668,-0.03377959132194519,0.4518361985683441,0.7513056397438049,-0.023524858057498932,0.44401586055755615,0.7496119141578674,-0.016479359939694405,0.025851253420114517,0.08956285566091537,0.033732809126377106,0.032998330891132355,0.05571950227022171,0.04470786824822426,0.02668941207230091,0.025967903435230255,0.05772624909877777,0.006223174277693033,0.0030654817819595337,0.06241072714328766,-0.014793790876865387,-0.0010173479095101357,0.06027822569012642,0.019508397206664085,-0.01467879954725504,0.016005707904696465,-0.00504909036681056,-0.0257565975189209,0.020177068188786507,-0.025553373619914055,-0.027070920914411545,0.04016416519880295,-0.0430639311671257,-0.020498203113675117,0.06266338378190994,0.0027531611267477274,-0.006132675800472498,-0.00027003971626982093,-0.02544005773961544,-0.028534235432744026,0.0056554400362074375,-0.04450071603059769,-0.025729896500706673,0.02879040688276291,-0.054729998111724854,-0.02425052970647812,0.05684833601117134,-0.013652058318257332,0.008626659400761127,-0.011894107796251774,-0.040068618953228,-0.013033007271587849,-0.0024974634870886803,-0.055765703320503235,-0.014942308887839317,0.01965782418847084,-0.06269387155771255,-0.013277498073875904,0.04113174229860306,-0.0313459187746048,0.03225959092378616,-0.01190190203487873,-0.04607853665947914,0.01024186983704567,-0.004765648860484362,-0.05845709145069122,-0.000541158951818943,0.01363416574895382,-0.062445346266031265,-0.0015712156891822815,0.03008367121219635,30.0,640.0,480.0
26,0.6010843515396118,0.9604802131652832,-3.013230411852419e-07,0.6087161302566528,0.8610332012176514,0.029774140566587448,0.5906159281730652,0.7888815402984619,0.03407968953251839,0.5537279844284058,0.7559574842453003,0.03179517388343811,0.5140907168388367,0.7604211568832397,0.026343250647187233,0.6045355796813965,0.7336724996566772,0.010996264405548573,0.5318179130554199,0.6924999356269836,0.00861486978828907,0.4933631122112274,0.7008650302886963,0.008240576833486557,0.4730463922023773,0.7115349769592285,0.008652782067656517,0.5733025670051575,0.7474640011787415,-0.009135869331657887,0.5042091608047485,0.6801211833953857,-0.007840713486075401,0.4707920551300049,0.6893846988677979,-0.004165975376963615,0.45406949520111084,0.7045596241950989,-0.002111575100570917,0.541953980922699,0.775724470615387,-0.025830799713730812,0.48009032011032104,0.7079817652702332,-0.021207109093666077,0.45180583000183105,0.7146494388580322,-0.014562159776687622,0.4389494061470032,0.7243391275405884,-0.011985650286078453,0.5117558240890503,0.8143857717514038,-0.03990894556045532,0.468003511428833,0.7577663660049438,-0.034016262739896774,0.45305052399635315,0.7530855536460876,-0.023958323523402214,0.4452079236507416,0.7525316476821899,-0.017111416906118393,0.0262510534375906,0.09047410637140274,0.032016534358263016,0.03329165279865265,0.05588949844241142,0.043373145163059235,0.02595403604209423,0.02673950418829918,0.05747823417186737,0.004923403263092041,0.004081629682332277,0.06350681185722351,-0.015817420557141304,-0.0004359374288469553,0.06260792165994644,0.019494367763400078,-0.014510586857795715,0.01626408100128174,-0.0052304379642009735,-0.02537018433213234,0.0204650666564703,-0.025863436982035637,-0.026422660797834396,0.04032771661877632,-0.043570227921009064,-0.019433412700891495,0.06224058195948601,0.0028644835110753775,-0.006357049569487572,-0.00016729295020923018,-0.02532477304339409,-0.028554575517773628,0.005962395574897528,-0.044892389327287674,-0.025580313056707382,0.02792755700647831,-0.055338237434625626,-0.024038903415203094,0.05570244416594505,-0.01369483396410942,0.008556459099054337,-0.012045666575431824,-0.04038199037313461,-0.012723047286272049,-0.002504870994016528,-0.05613463744521141,-0.01429503969848156,0.019091416150331497,-0.06281180679798126,-0.012543406337499619,0.040030691772699356,-0.03175206854939461,0.03204246982932091,-0.012644834816455841,-0.04628604277968407,0.010596254840493202,-0.005236712284386158,-0.05846569314599037,0.0004921173676848412,0.013488882221281528,-0.06200258061289787,-7.054954767227173e-05,0.0297663863748312,30.0,640.0,480.0
27,0.6018211245536804,0.9607828855514526,-2.973247319459915e-07,0.6095739006996155,0.8589380383491516,0.03134454786777496,0.5919696688652039,0.7875276803970337,0.03627585992217064,0.5563220977783203,0.7550262808799744,0.03413885459303856,0.5168848633766174,0.7598903775215149,0.02876025065779686,0.605464518070221,0.7331437468528748,0.013108545914292336,0.5331366062164307,0.6921609044075012,0.011578002013266087,0.4946099817752838,0.700478732585907,0.011961468495428562,0.47393345832824707,0.7108938097953796,0.012880926951766014,0.5738719701766968,0.7465158700942993,-0.007823506370186806,0.5052357912063599,0.6798099279403687,-0.005612978711724281,0.4715791344642639,0.6889568567276001,-0.001476680743508041,0.4542892873287201,0.7039325833320618,0.0009101739851757884,0.5422723889350891,0.7749487161636353,-0.025230824947357178,0.4808870255947113,0.7066747546195984,-0.019788360223174095,0.45222583413124084,0.7134119868278503,-0.012553470209240913,0.4388751983642578,0.7229219079017639,-0.009614129550755024,0.5118968486785889,0.8142455816268921,-0.03993300721049309,0.4676957130432129,0.7565983533859253,-0.03347061201930046,0.4523216187953949,0.7509826421737671,-0.02279939129948616,0.44409823417663574,0.7497016787528992,-0.01544030662626028,0.0265590138733387,0.09051384776830673,0.031648922711610794,0.033781759440898895,0.056541163474321365,0.04363464564085007,0.02711108885705471,0.027059879153966904,0.05807255953550339,0.006430147681385279,0.003912399522960186,0.06437187641859055,-0.014199573546648026,-0.0005608885549008846,0.06387285143136978,0.01971970498561859,-0.014883384108543396,0.016529889777302742,-0.0047928267158567905,-0.025888191536068916,0.020776135846972466,-0.02549346536397934,-0.026859082281589508,0.04050770029425621,-0.04325636103749275,-0.02005356177687645,0.06281037628650665,0.002857677172869444,-0.006340398918837309,-0.0001655180094530806,-0.025332288816571236,-0.028836533427238464,0.0057440390810370445,-0.04485265165567398,-0.02605661191046238,0.02835584431886673,-0.05569456145167351,-0.024392059072852135,0.056280467659235,-0.013803557492792606,0.008772822096943855,-0.012307879514992237,-0.04064466804265976,-0.013335797935724258,-0.0028019146993756294,-0.05635311082005501,-0.01493822317570448,0.018968036398291588,-0.06351682543754578,-0.013249428942799568,0.04035645350813866,-0.031796328723430634,0.03250983729958534,-0.012795797549188137,-0.046864479780197144,0.01031511276960373,-0.005679867696017027,-0.059382278472185135,-0.00020091887563467026,0.012710857205092907,-0.06376244872808456,-0.0011655250564217567,0.029201244935393333,30.0,640.0,480.0
28,0.6034508943557739,0.9611157178878784,-2.954350293293828e-07,0.6101797819137573,0.8598596453666687,0.030044712126255035,0.5921490788459778,0.7872313857078552,0.03421764448285103,0.5562545657157898,0.7544071078300476,0.03162466362118721,0.5166509747505188,0.7589601278305054,0.025849130004644394,0.6053439378738403,0.7326197028160095,0.01113862544298172,0.5329234004020691,0.6927590370178223,0.00881417840719223,0.49440523982048035,0.7012807726860046,0.008558510802686214,0.4733709394931793,0.7118439674377441,0.008968811482191086,0.5735189318656921,0.7461464405059814,-0.009455855004489422,0.5052000880241394,0.6793062090873718,-0.008112111128866673,0.4719253480434418,0.6885916590690613,-0.004491173196583986,0.45470765233039856,0.7036556005477905,-0.0025162985548377037,0.541958212852478,0.7746738195419312,-0.02658243663609028,0.4809049665927887,0.7064095735549927,-0.021886810660362244,0.452555775642395,0.7134428024291992,-0.015129754319787025,0.4393220841884613,0.7231463193893433,-0.012541436590254307,0.512041449546814,0.8139375448226929,-0.04110948368906975,0.46831417083740234,0.7571145296096802,-0.035348109900951385,0.4529832601547241,0.7515599131584167,-0.02523888647556305,0.444532185792923,0.7500526905059814,-0.01835281029343605,0.027217989787459373,0.09049282222986221,0.03182297199964523,0.03428792953491211,0.05645088851451874,0.04351240396499634,0.027251314371824265,0.026828791946172714,0.05777148902416229,0.0063734035938978195,0.0038892102893441916,0.06408113986253738,-0.014070332981646061,-0.0011209750082343817,0.06326518952846527,0.019790727645158768,-0.014876779168844223,0.016500288620591164,-0.0046978420577943325,-0.02537096105515957,0.020697692409157753,-0.025612620636820793,-0.026257360354065895,0.040724240243434906,-0.043575748801231384,-0.01936899498105049,0.06303069740533829,0.0027945414185523987,-0.006427207961678505,-0.0001339098671451211,-0.025282826274633408,-0.028754375874996185,0.005977489985525608,-0.044640425592660904,-0.025943061336874962,0.028079316020011902,-0.05545178800821304,-0.024187322705984116,0.055980779230594635,-0.013871516101062298,0.008741332218050957,-0.012212387286126614,-0.040507722645998,-0.01323731243610382,-0.0027127969078719616,-0.056053172796964645,-0.014499644748866558,0.01893472857773304,-0.06326915323734283,-0.012811508029699326,0.04022117704153061,-0.031745005398988724,0.03235229477286339,-0.012714936397969723,-0.0466080866754055,0.01080210693180561,-0.005588142666965723,-0.05888422578573227,0.0003874879330396652,0.01291650254279375,-0.06336759030818939,-0.0004587508738040924,0.02938508801162243,30.0,640.0,480.0
29,0.6040142178535461,0.9599835276603699,-3.0187658239810844e-07,0.6101012229919434,0.8572255373001099,0.032123785465955734,0.5919415950775146,0.7853386402130127,0.03713829815387726,0.5561359524726868,0.7529627084732056,0.035022933036088943,0.516585111618042,0.7584420442581177,0.029647808521986008,0.6055264472961426,0.7308288216590881,0.012465898878872395,0.5323567986488342,0.6914314031600952,0.01134366076439619,0.4943157434463501,0.7009444236755371,0.012624895200133324,0.4737178087234497,0.711959183216095,0.01418057270348072,0.574203372001648,0.7448394298553467,-0.008891209959983826,0.5047316551208496,0.6786400079727173,-0.0065268874168396,0.47201868891716003,0.6893669366836548,-0.0015792861813679338,0.45533889532089233,0.7051364183425903,0.001508242217823863,0.5428680181503296,0.7738995552062988,-0.026513880118727684,0.4807836413383484,0.7052303552627563,-0.02096179872751236,0.4529094696044922,0.7132508158683777,-0.01269468478858471,0.4401476979255676,0.7233497500419617,-0.008907755836844444,0.5127228498458862,0.8140071630477905,-0.04135294258594513,0.46759089827537537,0.7555424571037292,-0.035034842789173126,0.4521552324295044,0.7490854859352112,-0.023900194093585014,0.44372037053108215,0.7467400431632996,-0.01601550169289112,0.02730952575802803,0.08978329598903656,0.03233044594526291,0.03396029770374298,0.056269388645887375,0.044355496764183044,0.02705250307917595,0.026763852685689926,0.05819907784461975,0.006602839101105928,0.00370821263641119,0.06394553184509277,-0.01400715857744217,-0.00044197170063853264,0.06215650215744972,0.01932756043970585,-0.015050258487462997,0.016710471361875534,-0.005206187721341848,-0.025534937158226967,0.020860306918621063,-0.025627512484788895,-0.02608371153473854,0.040865834802389145,-0.04340831935405731,-0.019001176580786705,0.06369345635175705,0.0027846377342939377,-0.006261092610657215,-9.329963359050453e-05,-0.025711502879858017,-0.02871580608189106,0.005855733063071966,-0.044622622430324554,-0.02518676593899727,0.02889276295900345,-0.055112987756729126,-0.023260358721017838,0.057071808725595474,-0.013672327622771263,0.008897537365555763,-0.012463400140404701,-0.04045892506837845,-0.013243835419416428,-0.0029899391811341047,-0.05578900873661041,-0.014385822229087353,0.01927839405834675,-0.06264486163854599,-0.01223884429782629,0.04103720933198929,-0.03110452927649021,0.03289962559938431,-0.012868388555943966,-0.0464777871966362,0.010437664575874805,-0.006029095966368914,-0.05921722203493118,-0.00047286786139011383,0.012368685565888882,-0.06412134319543839,-0.0013786954805254936,0.029216626659035683,30.0,640.0,480.0
