frame,x_0,y_0,z_0,x_1,y_1,z_1,x_2,y_2,z_2,x_3,y_3,z_3,x_4,y_4,z_4,x_5,y_5,z_5,x_6,y_6,z_6,x_7,y_7,z_7,x_8,y_8,z_8,x_9,y_9,z_9,x_10,y_10,z_10,x_11,y_11,z_11,x_12,y_12,z_12,x_13,y_13,z_13,x_14,y_14,z_14,x_15,y_15,z_15,x_16,y_16,z_16,x_17,y_17,z_17,x_18,y_18,z_18,x_19,y_19,z_19,x_20,y_20,z_20,wx_0,wy_0,wz_0,wx_1,wy_1,wz_1,wx_2,wy_2,wz_2,wx_3,wy_3,wz_3,wx_4,wy_4,wz_4,wx_5,wy_5,wz_5,wx_6,wy_6,wz_6,wx_7,wy_7,wz_7,wx_8,wy_8,wz_8,wx_9,wy_9,wz_9,wx_10,wy_10,wz_10,wx_11,wy_11,wz_11,wx_12,wy_12,wz_12,wx_13,wy_13,wz_13,wx_14,wy_14,wz_14,wx_15,wy_15,wz_15,wx_16,wy_16,wz_16,wx_17,wy_17,wz_17,wx_18,wy_18,wz_18,wx_19,wy_19,wz_19,wx_20,wy_20,wz_20,hand,score,frame_rate,frame_width,frame_height
0,0.2623220682144165,0.8482648730278015,4.760260310376907e-07,0.307393342256546,0.8114805817604065,-0.02446919120848179,0.33342185616493225,0.745360791683197,-0.03235572203993797,0.30129802227020264,0.6980789303779602,-0.037341468036174774,0.26064059138298035,0.6763113737106323,-0.042935144156217575,0.31560561060905457,0.6272754669189453,-0.017517609521746635,0.3367791175842285,0.5436380505561829,-0.027161164209246635,0.3480875492095947,0.4913448989391327,-0.036523424088954926,0.3543325364589691,0.4424964189529419,-0.04433059319853783,0.2748408019542694,0.6205818057060242,-0.01918634958565235,0.2700470983982086,0.5199337601661682,-0.02766059897840023,0.2640904188156128,0.4606831669807434,-0.03987767919898033,0.25857919454574585,0.40734171867370605,-0.04883095622062683,0.24436140060424805,0.6384770274162292,-0.022985124960541725,0.2303544282913208,0.5613091588020325,-0.04097163304686546,0.22388431429862976,0.507885217666626,-0.05787914618849754,0.21782523393630981,0.4597291350364685,-0.06893805414438248,0.22111491858959198,0.6757654547691345,-0.028521141037344933,0.2190427929162979,0.6240601539611816,-0.04867972806096077,0.2363036572933197,0.648386538028717,-0.050981633365154266,0.2532446086406708,0.684657633304596,-0.050062745809555054,-0.00965292751789093,0.09644614160060883,0.0335138700902462,0.02038334682583809,0.07507608830928802,0.011602443642914295,0.027855990454554558,0.0548507496714592,-0.010738441720604897,0.017146149650216103,0.029758919030427933,-0.039660919457674026,-0.010048072785139084,0.01624746434390545,-0.04533131420612335,0.022888965904712677,-0.002279400359839201,0.0004853620775975287,0.03416534885764122,-0.033291809260845184,-0.010756991803646088,0.0411364771425724,-0.053860343992710114,-0.015373840928077698,0.04423443228006363,-0.07289249449968338,-0.03402351960539818,0.001389355049468577,-0.006138301454484463,0.003783939639106393,-0.00040968507528305054,-0.0465211421251297,0.00021472852677106857,-0.0043665096163749695,-0.07048109173774719,-0.010645230300724506,-0.00693603977560997,-0.0965631827712059,-0.022137226536870003,-0.01655287854373455,-0.0010904574301093817,6.65012194076553e-05,-0.020591823384165764,-0.027497481554746628,-0.0177310761064291,-0.02476433850824833,-0.04780806601047516,-0.036898594349622726,-0.024548744782805443,-0.0667271688580513,-0.05313965678215027,-0.031103506684303284,0.018794644623994827,-0.002968370681628585,-0.029618380591273308,0.0046296073123812675,-0.018953006714582443,-0.02119608037173748,0.006135022267699242,-0.03692301735281944,-0.009942944161593914,0.023423125967383385,-0.048471350222826004,Left,0.9962909817695618,30.0,640.0,480.0
1,0.26184985041618347,0.8476480841636658,4.797259975930501e-07,0.3072255253791809,0.810477614402771,-0.024775594472885132,0.332916259765625,0.7448787093162537,-0.032877255231142044,0.3004470765590668,0.6976920366287231,-0.038022156804800034,0.2602793276309967,0.6748440265655518,-0.043652474880218506,0.31572771072387695,0.6274601221084595,-0.017992502078413963,0.3372350335121155,0.5438771843910217,-0.027972925454378128,0.3486865758895874,0.4915264844894409,-0.03733155131340027,0.35511019825935364,0.44263800978660583,-0.045047711580991745,0.27499428391456604,0.6207615733146667,-0.01947028562426567,0.27031514048576355,0.5201241970062256,-0.02860008180141449,0.26439183950424194,0.4609038829803467,-0.0406450480222702,0.25890982151031494,0.40769416093826294,-0.04926246777176857,0.24449290335178375,0.638588011264801,-0.023132866248488426,0.23056496679782867,0.561816930770874,-0.04152721166610718,0.22432935237884521,0.5085535645484924,-0.05799105390906334,0.21842530369758606,0.4607197642326355,-0.06851547956466675,0.22113637626171112,0.6757912039756775,-0.0285651758313179,0.2197415828704834,0.624202311038971,-0.0486539751291275,0.23670817911624908,0.6483216881752014,-0.05057688429951668,0.2530622184276581,0.6843960285186768,-0.04929034784436226,-0.009952607564628124,0.09606262296438217,0.03369283676147461,0.020118432119488716,0.07470978796482086,0.011495722457766533,0.027683667838573456,0.054582905024290085,-0.010886997915804386,0.016865355893969536,0.02946542203426361,-0.04003920406103134,-0.010073966346681118,0.015972645953297615,-0.04570595547556877,0.02283581532537937,-0.002153001492843032,0.0004285419709049165,0.03422314673662186,-0.033082298934459686,-0.010720000602304935,0.04145510122179985,-0.05401670187711716,-0.01537371426820755,0.04449762776494026,-0.0726582333445549,-0.03431839123368263,0.001404318492859602,-0.006004097405821085,0.0037858919240534306,-0.0004512290470302105,-0.046510498970746994,2.146840051864274e-05,-0.004344743676483631,-0.07047012448310852,-0.010793866589665413,-0.006817652843892574,-0.09661517292261124,-0.022371046245098114,-0.016475273296236992,-0.0011167117627337575,9.565709478920326e-05,-0.020673783496022224,-0.027353154495358467,-0.018084077164530754,-0.02451975643634796,-0.047600116580724716,-0.03740061819553375,-0.02433870919048786,-0.06647831201553345,-0.053786031901836395,-0.03106553666293621,0.018560336902737617,-0.002944373060017824,-0.02957717701792717,0.004361320286989212,-0.01907334476709366,-0.02108987420797348,0.005880784243345261,-0.03679961711168289,-0.010173479095101357,0.023113416507840157,-0.048354800790548325,Left,0.9962419271469116,30.0,640.0,480.0
2,0.2623509466648102,0.847011148929596,4.793144512404979e-07,0.3072834610939026,0.8097933530807495,-0.024784725159406662,0.3329247236251831,0.7443025708198547,-0.03293651342391968,0.2998200058937073,0.697309672832489,-0.03811781853437424,0.2592589557170868,0.6748446226119995,-0.04379517585039139,0.31593412160873413,0.6272385716438293,-0.01779065653681755,0.3371312618255615,0.5436767339706421,-0.02757490985095501,0.34842556715011597,0.4914581775665283,-0.036841318011283875,0.3546801805496216,0.44271495938301086,-0.04448902606964111,0.275084525346756,0.6206883192062378,-0.019223516806960106,0.27021291851997375,0.51981121301651,-0.028183115646243095,0.26432526111602783,0.46062764525413513,-0.04021817445755005,0.2587970197200775,0.4075167775154114,-0.04883105307817459,0.2445833683013916,0.6384794116020203,-0.02282477170228958,0.23067599534988403,0.5616533160209656,-0.04108794406056404,0.2241847664117813,0.5082904696464539,-0.05747454985976219,0.21798117458820343,0.46034982800483704,-0.06794021278619766,0.22126534581184387,0.6755426526069641,-0.028181418776512146,0.21978998184204102,0.6234361529350281,-0.048061881214380264,0.23634345829486847,0.6479502320289612,-0.049753349274396896,0.252409428358078,0.6844666004180908,-0.04831097275018692,-0.009836520068347454,0.09605266898870468,0.03417877107858658,0.02022647112607956,0.07462844252586365,0.011749236844480038,0.02784629352390766,0.0545276440680027,-0.011027365922927856,0.016560185700654984,0.029295925050973892,-0.040472611784935,-0.010894742794334888,0.016142524778842926,-0.04581940546631813,0.023021994158625603,-0.002163017401471734,0.0001238261756952852,0.03437131643295288,-0.03313136845827103,-0.01103096641600132,0.041447315365076065,-0.05413603037595749,-0.015638086944818497,0.04452437162399292,-0.07288911938667297,-0.03441551327705383,0.0012583760544657707,-0.0061521450988948345,0.0037388477940112352,-0.0003847186453640461,-0.04673970863223076,-8.96863202797249e-05,-0.004215957131236792,-0.07068110257387161,-0.010453189723193645,-0.006818559020757675,-0.09689425677061081,-0.021959757432341576,-0.016658417880535126,-0.0011813674354925752,0.00026957219233736396,-0.020404823124408722,-0.027378840371966362,-0.017887594178318977,-0.024744130671024323,-0.04792413115501404,-0.037034813314676285,-0.02465445175766945,-0.06679553538560867,-0.05346092954277992,-0.03088398464024067,0.01871146820485592,-0.0027422048151493073,-0.02953331544995308,0.0042643980123102665,-0.01885971426963806,-0.02107994630932808,0.0060811759904026985,-0.036668810993433,-0.010313291102647781,0.023351529613137245,-0.04822589084506035,Left,0.9961920976638794,30.0,640.0,480.0
3,0.2625041902065277,0.846703052520752,4.7600309471818036e-07,0.30715447664260864,0.8100258111953735,-0.0249010156840086,0.3324020504951477,0.7447953820228577,-0.033410511910915375,0.30028387904167175,0.6974358558654785,-0.039032816886901855,0.25989219546318054,0.6742420792579651,-0.045228198170661926,0.31620898842811584,0.6270071864128113,-0.01847153902053833,0.337354838848114,0.5432766079902649,-0.028730517253279686,0.34866729378700256,0.4910266399383545,-0.038424234837293625,0.35500991344451904,0.44233012199401855,-0.046385664492845535,0.27534323930740356,0.6205593943595886,-0.02000928297638893,0.2703642249107361,0.5200114846229553,-0.02930724434554577,0.2644384801387787,0.4607356786727905,-0.04170689359307289,0.2589524984359741,0.4076780080795288,-0.050680212676525116,0.24468746781349182,0.6386055946350098,-0.0236973837018013,0.23077324032783508,0.5613633394241333,-0.04210168123245239,0.22442832589149475,0.508133590221405,-0.05853218957781792,0.21844841539859772,0.460565447807312,-0.06912509351968765,0.22117772698402405,0.6759238243103027,-0.029152989387512207,0.21943141520023346,0.6232762932777405,-0.04925085976719856,0.23632869124412537,0.6468162536621094,-0.05114093795418739,0.2527577877044678,0.6826502084732056,-0.04987785220146179,-0.009807644411921501,0.09570567309856415,0.03438027203083038,0.020387517288327217,0.07432419806718826,0.01205275859683752,0.027679305523633957,0.05427256599068642,-0.010745476931333542,0.01656334474682808,0.029397834092378616,-0.040424905717372894,-0.010624957270920277,0.015531414188444614,-0.046384479850530624,0.022881226614117622,-0.002251093741506338,0.00032484668190591037,0.0343284085392952,-0.033079300075769424,-0.010977822355926037,0.041348930448293686,-0.053966768085956573,-0.015903208404779434,0.04457306116819382,-0.0725642517209053,-0.035256363451480865,0.001352969789877534,-0.006042779423296452,0.0036801439709961414,-0.0003511803224682808,-0.046474799513816833,-0.00016735166718717664,-0.004315237980335951,-0.07047734409570694,-0.011122609488666058,-0.0067895324900746346,-0.09658040851354599,-0.023333843797445297,-0.01659577712416649,-0.0010886919917538762,9.099970338866115e-05,-0.020566822960972786,-0.027411818504333496,-0.017885759472846985,-0.024477146565914154,-0.04778681695461273,-0.03729483112692833,-0.02450406365096569,-0.06671306490898132,-0.053892143070697784,-0.031087925657629967,0.018671151250600815,-0.0028550715651363134,-0.02968517132103443,0.004251305945217609,-0.018841832876205444,-0.02113884501159191,0.005513734649866819,-0.0368017852306366,-0.01040571928024292,0.02257706969976425,-0.04851626604795456,Left,0.9963637590408325,30.0,640.0,480.0
4,0.26236772537231445,0.846952497959137,4.819819992007979e-07,0.3077508807182312,0.8092800378799438,-0.024880070239305496,0.33299756050109863,0.7433916926383972,-0.03286018967628479,0.2997625172138214,0.6966708302497864,-0.037795353680849075,0.25954577326774597,0.6748206615447998,-0.04317143186926842,0.31660106778144836,0.6271302103996277,-0.01769145205616951,0.33750253915786743,0.5434176325798035,-0.027530081570148468,0.34871771931648254,0.4910821318626404,-0.03681601956486702,0.35485225915908813,0.44225478172302246,-0.044481854885816574,0.275556743144989,0.6203392148017883,-0.01900285854935646,0.2708686888217926,0.5197665691375732,-0.028044531121850014,0.26493552327156067,0.46080324053764343,-0.04011793062090874,0.2593456506729126,0.40797799825668335,-0.048687465488910675,0.24481338262557983,0.6377554535865784,-0.022528087720274925,0.23130810260772705,0.5614952445030212,-0.04069056734442711,0.22504326701164246,0.5076931715011597,-0.05725128576159477,0.21907201409339905,0.459442675113678,-0.06784803420305252,0.22140775620937347,0.6742544174194336,-0.027839018031954765,0.2204352766275406,0.6233944892883301,-0.04754636809229851,0.23706117272377014,0.647470235824585,-0.049433689564466476,0.2529906630516052,0.6832287311553955,-0.0481736958026886,-0.00979097094386816,0.09639357030391693,0.03324232995510101,0.020175032317638397,0.07508932799100876,0.010840234346687794,0.02751496434211731,0.054848916828632355,-0.0115429712459445,0.016132423654198647,0.029519231989979744,-0.040569692850112915,-0.01092572696506977,0.016416450962424278,-0.04597248136997223,0.022885536774992943,-0.002160766627639532,-1.352242543362081e-05,0.03439400717616081,-0.03312218561768532,-0.01095642801374197,0.04151810705661774,-0.054028499871492386,-0.01563863269984722,0.04435797035694122,-0.07297679036855698,-0.03416260704398155,0.0014776423340663314,-0.006080822553485632,0.003730654949322343,-0.0003434722311794758,-0.04648219048976898,9.565825894242153e-05,-0.00405795406550169,-0.07043111324310303,-0.010616191662847996,-0.006783927790820599,-0.0965246632695198,-0.02245836704969406,-0.016600755974650383,-0.001121648820117116,0.0002995940449181944,-0.020654410123825073,-0.02735007554292679,-0.017284885048866272,-0.02452746406197548,-0.04791923612356186,-0.03644593805074692,-0.024357134476304054,-0.06695066392421722,-0.05300860106945038,-0.031308453530073166,0.018573207780718803,-0.0024373128544539213,-0.02951771207153797,0.004368588328361511,-0.01808812841773033,-0.021229213103652,0.005965185351669788,-0.03577470779418945,-0.010464177466928959,0.022934161126613617,-0.04760028049349785,Left,0.9964917898178101,30.0,640.0,480.0
5,0.2622677683830261,0.8464599251747131,4.805290814147156e-07,0.30720752477645874,0.8096139430999756,-0.024813106283545494,0.3324736952781677,0.7448475956916809,-0.033095814287662506,0.29993656277656555,0.6975896954536438,-0.03840326890349388,0.2593148648738861,0.6747523546218872,-0.044133976101875305,0.3164903521537781,0.6270396709442139,-0.01794438436627388,0.3376651406288147,0.5428462028503418,-0.027765780687332153,0.34884071350097656,0.4906361699104309,-0.036965932697057724,0.3550596237182617,0.44208717346191406,-0.04453020170331001,0.2755154073238373,0.6206448078155518,-0.019359972327947617,0.2709014415740967,0.5197566747665405,-0.028624091297388077,0.26532870531082153,0.46024978160858154,-0.04070544242858887,0.2600274682044983,0.407589316368103,-0.049274541437625885,0.24486757814884186,0.6386445164680481,-0.022943085059523582,0.23118218779563904,0.5611249208450317,-0.041478369385004044,0.22479915618896484,0.5070698261260986,-0.057909928262233734,0.21874454617500305,0.4592822790145874,-0.0683012455701828,0.2216341495513916,0.6758689880371094,-0.02824840322136879,0.22060443460941315,0.6228504776954651,-0.04822854325175285,0.23668968677520752,0.6469354629516602,-0.049934837967157364,0.2521239221096039,0.6835907697677612,-0.048455942422151566,-0.010257726535201073,0.09597597271203995,0.034563980996608734,0.019866902381181717,0.07459487020969391,0.01196870394051075,0.027492428198456764,0.05447307974100113,-0.010540944524109364,0.016435077413916588,0.029260901734232903,-0.04003269225358963,-0.01103777065873146,0.016036227345466614,-0.045512255281209946,0.022879233583807945,-0.002383200218901038,0.00024011472123675048,0.03430219739675522,-0.033454302698373795,-0.01085292361676693,0.041391998529434204,-0.05435573682188988,-0.015824979171156883,0.04461097717285156,-0.07279917597770691,-0.035189587622880936,0.0013691647909581661,-0.006144370883703232,0.0035763464402407408,-0.0002667889930307865,-0.04654558375477791,-0.0005524709704332054,-0.003854564391076565,-0.07064279913902283,-0.011551134288311005,-0.006062675267457962,-0.0963296964764595,-0.02364932931959629,-0.016470296308398247,-0.0008702721097506583,0.00025417839060537517,-0.020592452958226204,-0.02755429968237877,-0.017899660393595695,-0.024367917329072952,-0.04813338443636894,-0.03729226440191269,-0.024283215403556824,-0.06724575161933899,-0.053801532834768295,-0.030816318467259407,0.018751125782728195,-0.002542901551350951,-0.029489781707525253,0.0040591564029455185,-0.018367286771535873,-0.020901232957839966,0.005736417602747679,-0.035771336406469345,-0.010623821057379246,0.0228552408516407,-0.04720734804868698,Left,0.9962272644042969,30.0,640.0,480.0
6,0.26215845346450806,0.8457722067832947,4.7080669673960074e-07,0.3076753318309784,0.8087373971939087,-0.02395075000822544,0.33325186371803284,0.7434675097465515,-0.031573813408613205,0.3007844388484955,0.696628749370575,-0.036350786685943604,0.2607768476009369,0.6739851236343384,-0.04164216294884682,0.3170759975910187,0.6266252398490906,-0.017099564895033836,0.33798646926879883,0.5430073738098145,-0.02676163986325264,0.34895026683807373,0.4907640218734741,-0.03582711145281792,0.35489344596862793,0.44208386540412903,-0.04329616203904152,0.2762514352798462,0.6200464367866516,-0.01880135014653206,0.2710914611816406,0.5190908908843994,-0.02789774164557457,0.2650095820426941,0.4600639045238495,-0.03981972858309746,0.2594895660877228,0.4072023034095764,-0.04820840805768967,0.24551187455654144,0.6378605961799622,-0.02259710244834423,0.23166070878505707,0.5608857274055481,-0.0407952144742012,0.22519192099571228,0.5075817704200745,-0.05689195170998573,0.21921367943286896,0.45934152603149414,-0.0670185312628746,0.2219655066728592,0.6750403046607971,-0.028057534247636795,0.2203931212425232,0.6232446432113647,-0.0474722795188427,0.23656348884105682,0.6473508477210999,-0.048790886998176575,0.2521730065345764,0.6831021308898926,-0.04706142097711563,-0.01025140006095171,0.0959748774766922,0.033908940851688385,0.020125754177570343,0.07485385239124298,0.011720151640474796,0.027790909633040428,0.054712098091840744,-0.010904142633080482,0.016680974513292313,0.029552362859249115,-0.04033588990569115,-0.010432970710098743,0.015845132991671562,-0.045717719942331314,0.023014936596155167,-0.0020488661248236895,0.00010786464554257691,0.03435196727514267,-0.03334466367959976,-0.011035704053938389,0.04141810163855553,-0.05406647548079491,-0.01575690135359764,0.04420214146375656,-0.07292836159467697,-0.034966643899679184,0.001442632870748639,-0.006051751784980297,0.003637708956375718,-0.0004631080664694309,-0.0465993769466877,-9.424760355614126e-05,-0.004255213774740696,-0.07075047492980957,-0.01071586087346077,-0.006609424017369747,-0.09661600738763809,-0.022383946925401688,-0.01664775237441063,-0.00114599394146353,0.00020811252761632204,-0.020568829029798508,-0.027606450021266937,-0.017505405470728874,-0.024713881313800812,-0.04799692705273628,-0.03661075606942177,-0.024426892399787903,-0.06712286174297333,-0.05261358246207237,-0.031345173716545105,0.01863209344446659,-0.0026124652940779924,-0.029833650216460228,0.004240727052092552,-0.01857186108827591,-0.021712321788072586,0.006020673550665379,-0.03622737154364586,-0.010860354639589787,0.023046843707561493,-0.04723115637898445,Left,0.9956667423248291,30.0,640.0,480.0
7,0.2623673975467682,0.8455166816711426,4.6048546664678724e-07,0.307637095451355,0.8084838390350342,-0.022981928661465645,0.33383771777153015,0.7423750162124634,-0.02999311126768589,0.30088695883750916,0.6956579685211182,-0.03434615582227707,0.26015281677246094,0.6744680404663086,-0.03935197740793228,0.3168254792690277,0.6261852979660034,-0.01593066193163395,0.33751386404037476,0.543105959892273,-0.02493271231651306,0.3485783338546753,0.4911225438117981,-0.03368295356631279,0.354719340801239,0.44229984283447266,-0.04103821888566017,0.2760257422924042,0.6195776462554932,-0.018023040145635605,0.2711557447910309,0.5194534659385681,-0.026110507547855377,0.26481708884239197,0.46072524785995483,-0.037655822932720184,0.25910109281539917,0.40783053636550903,-0.04604637622833252,0.24541810154914856,0.6372683644294739,-0.02215210348367691,0.23149196803569794,0.559794008731842,-0.03975197300314903,0.224652960896492,0.5068676471710205,-0.05585722625255585,0.21834968030452728,0.4590129256248474,-0.06617669761180878,0.22186046838760376,0.6744664907455444,-0.02786295674741268,0.22052302956581116,0.6221469044685364,-0.046936653554439545,0.23700064420700073,0.6471214890480042,-0.048188529908657074,0.25291022658348083,0.6838752627372742,-0.046541836112737656,-0.010376127436757088,0.09621044993400574,0.03406134992837906,0.02021103724837303,0.0748571902513504,0.011824291199445724,0.028218384832143784,0.05460445210337639,-0.011020718142390251,0.01677580736577511,0.02941085398197174,-0.0404093898832798,-0.010947778820991516,0.015927964821457863,-0.04532055929303169,0.023384205996990204,-0.001978864660486579,8.903627167455852e-05,0.03440222516655922,-0.033002015203237534,-0.011148838326334953,0.041478272527456284,-0.05389402061700821,-0.015398985706269741,0.044297847896814346,-0.07260525226593018,-0.0340845100581646,0.001246229512616992,-0.006164422258734703,0.003858123440295458,-0.0003846529871225357,-0.04663018882274628,0.00029770901892334223,-0.004349111579358578,-0.07060305774211884,-0.009943495504558086,-0.006775349378585815,-0.096621572971344,-0.02111141011118889,-0.01672041229903698,-0.00136002863291651,0.0003197939950041473,-0.020430101081728935,-0.027789918705821037,-0.017224742099642754,-0.02498418465256691,-0.0483432374894619,-0.03576600179076195,-0.024996468797326088,-0.0672893151640892,-0.051808323711156845,-0.031225472688674927,0.01850091479718685,-0.0028129874262958765,-0.029780371114611626,0.004096474032849073,-0.01889440231025219,-0.021160805597901344,0.006260507740080357,-0.036077726632356644,-0.010259013622999191,0.023749742656946182,-0.046981144696474075,Left,0.996485710144043,30.0,640.0,480.0
8,0.26293253898620605,0.8453606367111206,4.602334229275584e-07,0.3077496886253357,0.8084192276000977,-0.022945323958992958,0.33354294300079346,0.743003249168396,-0.030327539891004562,0.30120551586151123,0.6963463425636292,-0.03511857986450195,0.26080334186553955,0.6742600798606873,-0.04056423902511597,0.31708261370658875,0.626336932182312,-0.01653127372264862,0.3380241394042969,0.5428619980812073,-0.02585459128022194,0.349198579788208,0.4908137917518616,-0.034828122705221176,0.35531485080718994,0.4422130882740021,-0.04228750988841057,0.27628567814826965,0.6198940873146057,-0.01874915510416031,0.27126362919807434,0.5194075107574463,-0.02713373489677906,0.2651192247867584,0.4606342911720276,-0.03877713158726692,0.25943252444267273,0.40784114599227905,-0.04720669984817505,0.24569039046764374,0.6379460692405701,-0.022950271144509315,0.2316754311323166,0.5600627660751343,-0.04062895104289055,0.22509902715682983,0.5073415637016296,-0.05634360760450363,0.21886348724365234,0.45981478691101074,-0.06634208559989929,0.22221487760543823,0.675537109375,-0.028726961463689804,0.22052857279777527,0.6213709115982056,-0.04768017679452896,0.23708009719848633,0.6455025672912598,-0.04848490282893181,0.25294387340545654,0.6821779012680054,-0.04646904766559601,-0.010400362312793732,0.09595943242311478,0.034376632422208786,0.020247429609298706,0.0744008719921112,0.012169262394309044,0.028049560263752937,0.05435234308242798,-0.010682061314582825,0.016835620626807213,0.029297731816768646,-0.04049117863178253,-0.01074979081749916,0.015707382932305336,-0.04578237235546112,0.023360027000308037,-0.0020819688215851784,0.00022308151528704911,0.03440113365650177,-0.03324480727314949,-0.011040648445487022,0.04156462103128433,-0.054154299199581146,-0.015673566609621048,0.04450260475277901,-0.07258932292461395,-0.03502814844250679,0.0012666825205087662,-0.006085573695600033,0.0038153543137013912,-0.00044057006016373634,-0.046718571335077286,-0.00013815176498610526,-0.004251318052411079,-0.07058670371770859,-0.010847116820514202,-0.006561756134033203,-0.09635961800813675,-0.022632986307144165,-0.016691280528903008,-0.0012148426612839103,0.00021548860240727663,-0.02028222382068634,-0.02771502174437046,-0.01765768602490425,-0.024746492505073547,-0.04817875102162361,-0.03645813465118408,-0.024659371003508568,-0.06690499186515808,-0.052538078278303146,-0.031102832406759262,0.01868234947323799,-0.003000844968482852,-0.029864439740777016,0.0037518867757171392,-0.01902574859559536,-0.021124932914972305,0.005521719343960285,-0.036498233675956726,-0.01013138797134161,0.023174721747636795,-0.04757915809750557,Left,0.9959632754325867,30.0,640.0,480.0
9,0.26287174224853516,0.8450672626495361,4.6096491246316873e-07,0.30785682797431946,0.8081198334693909,-0.022910617291927338,0.3336237668991089,0.7429337501525879,-0.030311860144138336,0.30121248960494995,0.6963337063789368,-0.0351194329559803,0.2610069215297699,0.6741795539855957,-0.040588852018117905,0.3170992434024811,0.6260932087898254,-0.016620691865682602,0.3381974697113037,0.542709231376648,-0.025989554822444916,0.3492833375930786,0.49061858654022217,-0.03494768962264061,0.3552371561527252,0.4420870542526245,-0.04238327965140343,0.27632245421409607,0.6196627616882324,-0.01883634924888611,0.2712686359882355,0.5191695690155029,-0.027359403669834137,0.2651260197162628,0.46041223406791687,-0.03901403769850731,0.2594817578792572,0.4075542092323303,-0.04740317165851593,0.24569691717624664,0.6377696990966797,-0.02302013523876667,0.23169289529323578,0.560203492641449,-0.04073162004351616,0.22518789768218994,0.5076541900634766,-0.05637524649500847,0.21907587349414825,0.46004271507263184,-0.06629759818315506,0.22218909859657288,0.6754657626152039,-0.028775423765182495,0.22032974660396576,0.6217073798179626,-0.0476578064262867,0.23695169389247894,0.6457381248474121,-0.048402030020952225,0.25298598408699036,0.6821564435958862,-0.04633928835391998,-0.010276854038238525,0.09580953419208527,0.0346636064350605,0.02037789858877659,0.07442348450422287,0.012318490073084831,0.028118334710597992,0.05438922718167305,-0.010565119795501232,0.01682809181511402,0.029476286843419075,-0.04050332307815552,-0.010470982640981674,0.015711624175310135,-0.045951973646879196,0.023334365338087082,-0.0020881735254079103,0.0003242329112254083,0.034559983760118484,-0.03323545306921005,-0.010996159166097641,0.041593603789806366,-0.05405137687921524,-0.015865502879023552,0.044551752507686615,-0.07253675162792206,-0.03540143370628357,0.0013385920319706202,-0.006060434505343437,0.0037240441888570786,-0.0004372582770884037,-0.046623341739177704,-0.00019784683536272496,-0.004213519860059023,-0.0706111416220665,-0.011096043512225151,-0.0066427746787667274,-0.0963812991976738,-0.023185133934020996,-0.016728857532143593,-0.0011284436332061887,0.00010835037392098457,-0.020383767783641815,-0.027584431692957878,-0.0178688894957304,-0.02455759420990944,-0.0479123555123806,-0.03696519508957863,-0.024423819035291672,-0.06670153141021729,-0.05297790840268135,-0.03121449239552021,0.018760371953248978,-0.0029437036719173193,-0.029904231429100037,0.003926261328160763,-0.01901009865105152,-0.02130676433444023,0.005574662704020739,-0.03667290881276131,-0.010178354568779469,0.023119375109672546,-0.04772182181477547,Left,0.9968513250350952,30.0,640.0,480.0
10,0.2622678279876709,0.8447101712226868,4.672011186812597e-07,0.30736488103866577,0.8083052635192871,-0.023389577865600586,0.3329505920410156,0.7428604364395142,-0.030914971604943275,0.30050837993621826,0.695643961429596,-0.035728514194488525,0.2602066695690155,0.6736820936203003,-0.04116004332900047,0.31637486815452576,0.6259351968765259,-0.01720818132162094,0.33769160509109497,0.5423668622970581,-0.02669149823486805,0.34910130500793457,0.4902786910533905,-0.03570836782455444,0.3552687466144562,0.4417352080345154,-0.043179258704185486,0.2756493389606476,0.6194280982017517,-0.01918325386941433,0.27089923620224,0.5190344452857971,-0.0276300348341465,0.2649793326854706,0.46020177006721497,-0.039328742772340775,0.25950920581817627,0.4074353575706482,-0.04781461879611015,0.24503441154956818,0.6375472545623779,-0.023156732320785522,0.23105008900165558,0.5600998997688293,-0.04086064547300339,0.22479908168315887,0.5070202350616455,-0.05684208124876022,0.21901369094848633,0.4592677354812622,-0.06708738952875137,0.22148039937019348,0.6752638816833496,-0.028741715475916862,0.21981105208396912,0.6221696734428406,-0.04791152477264404,0.23685982823371887,0.6458655595779419,-0.049129560589790344,0.2533513009548187,0.6821755766868591,-0.04742681235074997,-0.01031539123505354,0.09574107825756073,0.034707263112068176,0.020188456401228905,0.07421436905860901,0.012374036945402622,0.027816101908683777,0.05410033091902733,-0.010373168624937534,0.016600316390395164,0.029185570776462555,-0.03998816758394241,-0.01060520764440298,0.01560285221785307,-0.04544753581285477,0.023274531587958336,-0.0021949433721601963,0.00039944660966284573,0.0345490537583828,-0.03310509771108627,-0.01086049061268568,0.041579291224479675,-0.05404744669795036,-0.015778187662363052,0.044797882437705994,-0.07236640155315399,-0.03497227653861046,0.001270080916583538,-0.006196148227900267,0.0037942989729344845,-0.00030818814411759377,-0.04650544375181198,-0.00029029673896729946,-0.0041931611485779285,-0.07038262486457825,-0.011426221579313278,-0.006398404948413372,-0.09619799256324768,-0.023259688168764114,-0.016582274809479713,-0.001088374643586576,0.0001270739157916978,-0.020424285903573036,-0.0274746585637331,-0.017954979091882706,-0.02443879470229149,-0.047899775207042694,-0.036953650414943695,-0.02431464195251465,-0.06685515493154526,-0.05332233011722565,-0.031015368178486824,0.018752679228782654,-0.0029861205257475376,-0.029733499512076378,0.004209177568554878,-0.019090397283434868,-0.02084045670926571,0.0057984571903944016,-0.036947473883628845,-0.009810932911932468,0.02318815514445305,-0.048506781458854675,Left,0.996154248714447,30.0,640.0,480.0
11,0.2624622583389282,0.8451361656188965,4.5932904413348297e-07,0.30667218565940857,0.8075852394104004,-0.022403262555599213,0.3320153057575226,0.7414827942848206,-0.029254818335175514,0.3004101514816284,0.6951268315315247,-0.033591967076063156,0.25964492559432983,0.674873948097229,-0.03866175189614296,0.314813494682312,0.6248876452445984,-0.015756569802761078,0.3356194496154785,0.5416661500930786,-0.024318931624293327,0.34678980708122253,0.4899282455444336,-0.033064138144254684,0.35281872749328613,0.4412974715232849,-0.0405038557946682,0.2745446264743805,0.6189438700675964,-0.018162332475185394,0.2694264352321625,0.5191929340362549,-0.02526821568608284,0.2632260322570801,0.4605940580368042,-0.03672180324792862,0.2572307586669922,0.4076877534389496,-0.045405350625514984,0.24433010816574097,0.6375395059585571,-0.022510793060064316,0.2299371212720871,0.5596686601638794,-0.03928370028734207,0.22331181168556213,0.5061846971511841,-0.055572085082530975,0.21665681898593903,0.4583278298377991,-0.06634144484996796,0.2210112065076828,0.67558354139328,-0.028400631621479988,0.21947455406188965,0.6216415762901306,-0.04705695062875748,0.23667475581169128,0.6451480388641357,-0.04838951677083969,0.25286322832107544,0.6817927360534668,-0.046994443982839584,-0.009959032759070396,0.09585855901241302,0.03394605964422226,0.020355239510536194,0.07416968792676926,0.01274058036506176,0.02799677476286888,0.05380873754620552,-0.010201607830822468,0.016972774639725685,0.02910633012652397,-0.03995935991406441,-0.010640457272529602,0.016057372093200684,-0.04607753828167915,0.023046616464853287,-0.00247625051997602,0.000899883802048862,0.034064892679452896,-0.03336773440241814,-0.01031444314867258,0.0410347580909729,-0.054255299270153046,-0.014487732201814651,0.043827734887599945,-0.0728154107928276,-0.03319772705435753,0.0011779449414461851,-0.006132776848971844,0.003986013121902943,-0.0006771371699869633,-0.04665084183216095,0.0003767833986785263,-0.00480053573846817,-0.07042060047388077,-0.009711879305541515,-0.007314861752092838,-0.09634971618652344,-0.020609796047210693,-0.01640808954834938,-0.001060860464349389,-0.0002333911688765511,-0.020373918116092682,-0.027722876518964767,-0.017455197870731354,-0.024977603927254677,-0.04846275597810745,-0.03619244694709778,-0.02527240291237831,-0.06738286465406418,-0.05214359238743782,-0.03076195903122425,0.01884450577199459,-0.003702461253851652,-0.029476700350642204,0.0041423821821808815,-0.01931147277355194,-0.02034711092710495,0.005495941266417503,-0.03628017008304596,-0.009443595074117184,0.023032207041978836,-0.04754390940070152,Left,0.9959090352058411,30.0,640.0,480.0
12,0.2630486488342285,0.8449701070785522,4.725126530047419e-07,0.3082939386367798,0.8079540729522705,-0.02351367101073265,0.3332962691783905,0.7423188090324402,-0.031128225848078728,0.3015076518058777,0.6957999467849731,-0.036090217530727386,0.2616039514541626,0.6746112108230591,-0.041696157306432724,0.31679272651672363,0.6250306963920593,-0.016514519229531288,0.3375323414802551,0.5413323044776917,-0.02630910836160183,0.34839123487472534,0.4890894293785095,-0.03567560389637947,0.35380780696868896,0.44056829810142517,-0.0434005968272686,0.2764376401901245,0.6184680461883545,-0.01853698119521141,0.27160805463790894,0.5180525779724121,-0.02748778834939003,0.2651057541370392,0.4588085412979126,-0.03967231512069702,0.2584385871887207,0.40584659576416016,-0.04835326597094536,0.2458643764257431,0.6363810896873474,-0.022674566134810448,0.23256638646125793,0.5592659711837769,-0.04042536020278931,0.22613845765590668,0.5057995915412903,-0.0567183755338192,0.21970197558403015,0.4571445882320404,-0.0672118216753006,0.22204892337322235,0.6736647486686707,-0.02846037968993187,0.22115758061408997,0.6227765083312988,-0.04741009324789047,0.23712819814682007,0.6461323499679565,-0.04879838600754738,0.25213393568992615,0.6806957125663757,-0.04733406752347946,-0.009507778100669384,0.09713483601808548,0.03233917057514191,0.020179931074380875,0.07561732828617096,0.010618564672768116,0.028198547661304474,0.05535510182380676,-0.012254972942173481,0.01691661775112152,0.03016841411590576,-0.04177403822541237,-0.010561763308942318,0.01660885103046894,-0.04722253233194351,0.023533111438155174,-0.0022022558841854334,0.00023508211597800255,0.03437967225909233,-0.03362178057432175,-0.010967823676764965,0.041082803159952164,-0.05412241816520691,-0.015291376039385796,0.043543875217437744,-0.07359165698289871,-0.034197065979242325,0.0015564942732453346,-0.006089222617447376,0.0038081828970462084,-0.0005926969461143017,-0.046659477055072784,0.000369199929991737,-0.004471315070986748,-0.07098042219877243,-0.009793753735721111,-0.00795300304889679,-0.09676148742437363,-0.02150117978453636,-0.016972949728369713,-0.0012233436573296785,0.00020715771825052798,-0.020555535331368446,-0.027453238144516945,-0.017075160518288612,-0.02462966926395893,-0.048214204609394073,-0.035941675305366516,-0.024861685931682587,-0.06728653609752655,-0.05069694668054581,-0.03164979815483093,0.018817944452166557,-0.0025653187185525894,-0.029852405190467834,0.0049208784475922585,-0.01820572279393673,-0.021680397912859917,0.0059648253954946995,-0.03571221977472305,-0.011542701162397861,0.022592084482312202,-0.04637269303202629,Left,0.997094452381134,30.0,640.0,480.0
13,0.2664002776145935,0.8427609205245972,4.5109746338312107e-07,0.31143492460250854,0.8075436353683472,-0.02268807403743267,0.3381187915802002,0.7427621483802795,-0.02971789985895157,0.3073257803916931,0.6973416209220886,-0.03421080484986305,0.2677728831768036,0.6765641570091248,-0.03924046829342842,0.3209284543991089,0.6255926489830017,-0.015295783057808876,0.3415760099887848,0.5430888533592224,-0.02460419200360775,0.3521020710468292,0.490578830242157,-0.0335494801402092,0.3573533594608307,0.44175446033477783,-0.04103929549455643,0.2807942032814026,0.6177845001220703,-0.01738002337515354,0.2751901149749756,0.5186246633529663,-0.026193493977189064,0.26848527789115906,0.45954692363739014,-0.03788149729371071,0.26148363947868347,0.40646860003471375,-0.046230435371398926,0.25052276253700256,0.6343939304351807,-0.021574759855866432,0.23785702884197235,0.5601275563240051,-0.038774557411670685,0.23207727074623108,0.5075284242630005,-0.05438045784831047,0.22541962563991547,0.45993438363075256,-0.06442821025848389,0.22705239057540894,0.6698036193847656,-0.02745882049202919,0.2272733598947525,0.6216917037963867,-0.0450974777340889,0.24205029010772705,0.645089864730835,-0.04601410776376724,0.25510895252227783,0.6792851090431213,-0.044496506452560425,-0.011394236236810684,0.0967516303062439,0.03239032253623009,0.01915905624628067,0.07610812038183212,0.01200881414115429,0.02836640551686287,0.056061599403619766,-0.01033187285065651,0.017898859456181526,0.03148122504353523,-0.03994506224989891,-0.009394795633852482,0.018583795055747032,-0.04674885794520378,0.023240774869918823,-0.0018169842660427094,0.00195736950263381,0.03459470719099045,-0.033204443752765656,-0.009151402860879898,0.04072442278265953,-0.0542236790060997,-0.013157252222299576,0.04332469776272774,-0.07348331063985825,-0.030808307230472565,0.0012813208159059286,-0.006095496471971273,0.0038175489753484726,-0.0009682285599410534,-0.04656130447983742,0.000348267873050645,-0.004877002909779549,-0.0708773136138916,-0.008618735708296299,-0.008528079837560654,-0.09705225378274918,-0.019061800092458725,-0.017240555956959724,-0.0014608773635700345,-0.0008617843268439174,-0.020230107009410858,-0.02764993906021118,-0.01820693351328373,-0.02382976934313774,-0.04829590022563934,-0.03623969480395317,-0.023841578513383865,-0.06712958961725235,-0.051123011857271194,-0.03152699023485184,0.018498854711651802,-0.004676383454352617,-0.0290418341755867,0.0043393769301474094,-0.019940467551350594,-0.021764034405350685,0.00527140311896801,-0.0361793152987957,-0.012237810529768467,0.021317895501852036,-0.04642602056264877,Left,0.9963035583496094,30.0,640.0,480.0
14,0.27455976605415344,0.8419862389564514,4.3233728774794145e-07,0.31895115971565247,0.8067911863327026,-0.01970386505126953,0.3453181982040405,0.7414221167564392,-0.025171903893351555,0.313664972782135,0.6985418200492859,-0.02854371815919876,0.2742571234703064,0.6794794201850891,-0.03272484242916107,0.3300534188747406,0.6271970272064209,-0.012589787133038044,0.35106268525123596,0.5453971028327942,-0.020733939483761787,0.36158379912376404,0.49306589365005493,-0.02881057932972908,0.3660973608493805,0.44444042444229126,-0.03584267571568489,0.2908865511417389,0.618532657623291,-0.01588280312716961,0.28615760803222656,0.5217282176017761,-0.02331872470676899,0.27855685353279114,0.4623962640762329,-0.03483454883098602,0.27071160078048706,0.40740540623664856,-0.043427836149930954,0.2609139680862427,0.6337131261825562,-0.02111484482884407,0.24944746494293213,0.5617458820343018,-0.03717808052897453,0.2449204921722412,0.5081682205200195,-0.05385585129261017,0.239314466714859,0.45772790908813477,-0.06536541879177094,0.2375260591506958,0.6672779321670532,-0.027747321873903275,0.2389577478170395,0.6256130933761597,-0.044646166265010834,0.2546054422855377,0.6514004468917847,-0.04641309380531311,0.2685983180999756,0.6852086782455444,-0.04613088443875313,-0.010994892567396164,0.09637783467769623,0.030486376956105232,0.0177743099629879,0.07599394023418427,0.014496010728180408,0.027342505753040314,0.05447246506810188,-0.0075623695738613605,0.01655568554997444,0.03096909075975418,-0.03557411581277847,-0.010933498851954937,0.01980639062821865,-0.044149551540613174,0.023124784231185913,-0.001408484997227788,0.0035033749882131815,0.03425578773021698,-0.03234507888555527,-0.006384482141584158,0.04030967876315117,-0.05435667559504509,-0.010254311375319958,0.042951446026563644,-0.07438403367996216,-0.025413433089852333,0.0009398834081366658,-0.006262073293328285,0.0044691371731460094,-0.0006151758134365082,-0.04576803743839264,-0.0006066071218810976,-0.004570912104099989,-0.06917347013950348,-0.007950442843139172,-0.008402801118791103,-0.09667807072401047,-0.016788369044661522,-0.016454806551337242,-0.001420220360159874,-0.0018345618154853582,-0.0187353678047657,-0.026170428842306137,-0.020353926345705986,-0.02140263468027115,-0.04707765206694603,-0.03624185547232628,-0.02128332294523716,-0.0666428729891777,-0.051010362803936005,-0.03127691522240639,0.018290478736162186,-0.006563612259924412,-0.027382640168070793,0.0054985275492072105,-0.02161177061498165,-0.01930314116179943,0.008651992306113243,-0.0368766263127327,-0.009701799601316452,0.023401711136102676,-0.04745678976178169,Left,0.9970043301582336,30.0,640.0,480.0
15,0.286714643239975,0.8360446691513062,4.0633540265844204e-07,0.3317619860172272,0.8078591823577881,-0.020543402060866356,0.36015164852142334,0.7458235621452332,-0.027269940823316574,0.3321364223957062,0.7000563144683838,-0.03169051557779312,0.29124778509140015,0.6782591342926025,-0.03705577924847603,0.34605830907821655,0.6288191676139832,-0.013635732233524323,0.36698266863822937,0.5483505725860596,-0.022609954699873924,0.37696751952171326,0.49705326557159424,-0.03127165511250496,0.3812629282474518,0.450939416885376,-0.03844601288437843,0.30733418464660645,0.6193386316299438,-0.016027608886361122,0.3018936514854431,0.5253187417984009,-0.023609807714819908,0.2959511876106262,0.46550649404525757,-0.03543652594089508,0.2899145185947418,0.41367632150650024,-0.04396607354283333,0.2786719501018524,0.633381187915802,-0.02040141634643078,0.2667577862739563,0.5584716796875,-0.03704099357128143,0.26344889402389526,0.5029239654541016,-0.05554169416427612,0.25920912623405457,0.454810231924057,-0.06822767108678818,0.2583378553390503,0.6645410656929016,-0.025997726246714592,0.2635653018951416,0.6330785751342773,-0.04488525167107582,0.2757928967475891,0.6595531702041626,-0.04964802786707878,0.28452640771865845,0.6920059323310852,-0.05115651711821556,-0.014918668195605278,0.0957484319806099,0.029446130618453026,0.014646151103079319,0.07642931491136551,0.01676865853369236,0.02517138421535492,0.05481227859854698,-0.0012727356515824795,0.01631929539144039,0.032234080135822296,-0.028408363461494446,-0.011802341789007187,0.02157685160636902,-0.03524773195385933,0.02186584286391735,-0.0019010822288691998,0.005857949610799551,0.033419761806726456,-0.031001431867480278,-0.0027674739249050617,0.039264120161533356,-0.05191941559314728,-0.007597504183650017,0.04224521666765213,-0.07169914990663528,-0.023944010958075523,0.0008520574774593115,-0.0061431764625012875,0.004246682394295931,-0.0014855596236884594,-0.044232115149497986,-0.0009616217575967312,-0.004962197504937649,-0.06721772998571396,-0.008638842031359673,-0.0068884314969182014,-0.09403689205646515,-0.01781126670539379,-0.015632513910531998,-0.0012099635787308216,-0.0041133868508040905,-0.018333744257688522,-0.026063021272420883,-0.021309316158294678,-0.020629476755857468,-0.047763485461473465,-0.03900233283638954,-0.020755276083946228,-0.06802386045455933,-0.054223522543907166,-0.029126940295100212,0.01830730400979519,-0.008438496850430965,-0.023809723556041718,0.008622420951724052,-0.02561064437031746,-0.01697072759270668,0.01231110468506813,-0.04048004746437073,-0.010276943445205688,0.025892985984683037,-0.05016103386878967,Left,0.996433436870575,30.0,640.0,480.0
16,0.3372567594051361,0.8476446866989136,3.560278400982497e-07,0.38981425762176514,0.8233011364936829,-0.017689066007733345,0.4266807436943054,0.7662497758865356,-0.023371590301394463,0.427859902381897,0.7204073071479797,-0.02824903465807438,0.39944127202033997,0.698287844657898,-0.03319697454571724,0.4144136905670166,0.6495590209960938,-0.010596995241940022,0.4469829797744751,0.5757237672805786,-0.02084619179368019,0.4646356701850891,0.5328224897384644,-0.029553405940532684,0.4760611057281494,0.4930969476699829,-0.036337435245513916,0.3843640983104706,0.6402856111526489,-0.014995152130723,0.38787686824798584,0.5450644493103027,-0.027261463925242424,0.3908992111682892,0.4893642067909241,-0.039427902549505234,0.39143916964530945,0.43732044100761414,-0.04654015600681305,0.35988008975982666,0.6569207310676575,-0.02121150866150856,0.36698246002197266,0.5926581025123596,-0.038587626069784164,0.37551501393318176,0.5453498959541321,-0.052013225853443146,0.38170498609542847,0.49834978580474854,-0.059890393167734146,0.34246182441711426,0.6927363276481628,-0.02884703129529953,0.36316806077957153,0.6683284640312195,-0.0424334816634655,0.3747236728668213,0.6864780783653259,-0.04230191186070442,0.38323676586151123,0.7059354782104492,-0.040914516896009445,-0.02393125742673874,0.09063024818897247,0.036038994789123535,0.004353332333266735,0.07126311957836151,0.02903619036078453,0.02277960442006588,0.05268607661128044,0.01895306445658207,0.022729456424713135,0.028684211894869804,-0.01216853503137827,0.004706553183495998,0.019757527858018875,-0.02283010259270668,0.017598431557416916,-0.0012912778183817863,0.013977734372019768,0.033518362790346146,-0.02872513048350811,0.004078967496752739,0.04154783487319946,-0.04914761707186699,-0.0054334113374352455,0.04793640226125717,-0.06637728214263916,-0.0249470267444849,0.0003592980792745948,-0.005935803521424532,0.005124367773532867,0.0019853427074849606,-0.04646971821784973,-0.000748220132663846,0.0005786018446087837,-0.0683419406414032,-0.00968063622713089,0.0023984480649232864,-0.10026274621486664,-0.01745021715760231,-0.01325163058936596,0.0006375499069690704,-0.009365967474877834,-0.010166434571146965,-0.021354617550969124,-0.028029028326272964,-0.006156470626592636,-0.04188057407736778,-0.04292282462120056,-0.0013595223426818848,-0.0630500465631485,-0.0574280247092247,-0.02562154456973076,0.019568046554923058,-0.01740916073322296,-0.015462217852473259,0.01234651543200016,-0.032320860773324966,-0.007694934029132128,0.01397425401955843,-0.0430787093937397,-0.0023341842461377382,0.021982308477163315,-0.04856312274932861,Left,0.9978222846984863,30.0,640.0,480.0
17,0.3661235272884369,0.8474212288856506,2.991617122916068e-07,0.41977113485336304,0.8194206357002258,-0.0053148455917835236,0.4583654999732971,0.7656710147857666,-0.003417939879000187,0.46422627568244934,0.7209118008613586,-0.0021926097106188536,0.4349757134914398,0.7083647847175598,-0.002371807349845767,0.4420872926712036,0.6515201926231384,0.0038560975808650255,0.4666551649570465,0.5743259787559509,0.002592877484858036,0.48125696182250977,0.5287590026855469,-0.0007225520676001906,0.4891582727432251,0.4862651824951172,-0.004649536684155464,0.4154185950756073,0.6446409225463867,-0.005581201054155827,0.41795629262924194,0.5493303537368774,-0.009911845438182354,0.4199668765068054,0.48966073989868164,-0.02112257108092308,0.41941437125205994,0.43535810708999634,-0.029295392334461212,0.3915235102176666,0.6593824028968811,-0.015873510390520096,0.3945382535457611,0.5896598100662231,-0.03154594451189041,0.4054926037788391,0.5355097055435181,-0.05203986167907715,0.41279229521751404,0.4839226007461548,-0.06565167754888535,0.3731083869934082,0.6920990943908691,-0.025865834206342697,0.39206692576408386,0.6516680121421814,-0.03959440812468529,0.4096531569957733,0.6804052591323853,-0.042148102074861526,0.42102760076522827,0.7188125848770142,-0.04352028667926788,-0.028460310772061348,0.09067326039075851,0.03153292462229729,0.0031738020479679108,0.07442650943994522,0.02794632874429226,0.02378595992922783,0.05424295738339424,0.01683778688311577,0.029981497675180435,0.03277586027979851,-0.012460174039006233,0.012182928621768951,0.02192537859082222,-0.0350424088537693,0.016883350908756256,-0.0015653781592845917,0.01723461039364338,0.03022066131234169,-0.03039136342704296,0.007589371409267187,0.039970166981220245,-0.05086058750748634,0.0024323894176632166,0.04208318144083023,-0.07056081295013428,-0.013941687531769276,-0.0006587440147995949,-0.007397791370749474,0.005499796010553837,0.001228989101946354,-0.04641393572092056,0.00024749073782004416,0.0008053965866565704,-0.07062835246324539,-0.009166724979877472,0.006257804110646248,-0.10321338474750519,-0.01408613845705986,-0.013159191235899925,-0.0013234319631010294,-0.011723528616130352,-0.008447261527180672,-0.025758927688002586,-0.032862260937690735,-0.002291303128004074,-0.04608725756406784,-0.05060787871479988,0.004994481801986694,-0.06871384382247925,-0.06526303291320801,-0.025367073714733124,0.016899092122912407,-0.023225728422403336,-0.015036209486424923,0.006870518438518047,-0.04042452946305275,-0.0025549065321683884,0.011889788322150707,-0.05578748881816864,0.008521970361471176,0.0264909528195858,-0.06434700638055801,Left,0.9958940148353577,30.0,640.0,480.0
18,0.37028929591178894,0.8469606637954712,3.0709895781910745e-07,0.4238221347332001,0.8173249959945679,-0.0038515254855155945,0.4632047414779663,0.7659907937049866,-0.0032246247865259647,0.4703073799610138,0.7219887971878052,-0.004432677756994963,0.441409707069397,0.7105428576469421,-0.0075720795430243015,0.4441457986831665,0.6442931294441223,0.0027436765376478434,0.46757936477661133,0.5674344301223755,-0.0008434936753474176,0.48077392578125,0.5224187970161438,-0.006030725315213203,0.48807039856910706,0.4805488586425781,-0.011323506943881512,0.417366623878479,0.6399818062782288,-0.00914833601564169,0.42429935932159424,0.5474774241447449,-0.014535205438733101,0.4251539409160614,0.48890751600265503,-0.025606688112020493,0.4237717092037201,0.4378967583179474,-0.033818699419498444,0.3928402066230774,0.6598968505859375,-0.021941328421235085,0.39674457907676697,0.5892665982246399,-0.038342759013175964,0.4083298146724701,0.5427764654159546,-0.055660467594861984,0.4185102581977844,0.49910324811935425,-0.06632628291845322,0.3722253739833832,0.6997253894805908,-0.03444221615791321,0.39291083812713623,0.6489159464836121,-0.04907238855957985,0.41007137298583984,0.6715806722640991,-0.04973793402314186,0.4213162362575531,0.7077059149742126,-0.04898126423358917,-0.029469721019268036,0.09248775988817215,0.03452500328421593,0.0037114061415195465,0.07344112545251846,0.03181535750627518,0.025368422269821167,0.05484682694077492,0.016768159344792366,0.03345402702689171,0.03266626596450806,-0.0164524894207716,0.014586078934371471,0.020860111340880394,-0.04075378179550171,0.01824886165559292,-0.004057644866406918,0.017944108694791794,0.03172125294804573,-0.034642525017261505,0.006380042061209679,0.03867718577384949,-0.053469397127628326,0.0014643797185271978,0.04068390280008316,-0.0742669478058815,-0.014803916215896606,0.00016182614490389824,-0.007035002578049898,0.004796355031430721,0.004458158276975155,-0.04776125028729439,0.00022231147158890963,0.0031996797770261765,-0.07304495573043823,-0.008478124625980854,0.005550317466259003,-0.10084009170532227,-0.016363753005862236,-0.014099040068686008,0.0001737549901008606,-0.012025328353047371,-0.008683734573423862,-0.026319975033402443,-0.03302999585866928,-0.003911367617547512,-0.04521583393216133,-0.05168662220239639,0.00588479358702898,-0.06368177384138107,-0.06399980187416077,-0.027430888265371323,0.019686680287122726,-0.024204092100262642,-0.016202665865421295,0.005879956763237715,-0.03990839794278145,-0.0041341111063957214,0.005807454697787762,-0.05400623381137848,0.006088250316679478,0.021282728761434555,-0.05792935937643051,Left,0.9953706860542297,30.0,640.0,480.0
19,0.364334374666214,0.8531551361083984,2.7951631409450783e-07,0.4187092185020447,0.8217523097991943,-0.004104248713701963,0.4582497477531433,0.7700168490409851,-0.004482650198042393,0.46383804082870483,0.7250513434410095,-0.006893212907016277,0.4368768334388733,0.7128223180770874,-0.011410714127123356,0.4400630593299866,0.6503182053565979,-0.00036121447919867933,0.4636397063732147,0.5706232786178589,-0.004743219818919897,0.4769269824028015,0.5245686173439026,-0.010776144452393055,0.48435428738594055,0.48205068707466125,-0.01698645018041134,0.41235947608947754,0.6477072238922119,-0.012440996244549751,0.41571947932243347,0.5511468648910522,-0.018868712708353996,0.41727834939956665,0.49207332730293274,-0.0312332920730114,0.41546180844306946,0.4405771791934967,-0.04091763123869896,0.38755473494529724,0.6695117354393005,-0.025124112144112587,0.39007875323295593,0.5989301800727844,-0.04185689613223076,0.40441441535949707,0.5550260543823242,-0.05939113348722458,0.41484534740448,0.5143203735351562,-0.07042448967695236,0.36678019165992737,0.7107260227203369,-0.037500303238630295,0.38340064883232117,0.6556157469749451,-0.05311034992337227,0.40391555428504944,0.6732298731803894,-0.05492765083909035,0.4173222780227661,0.7059993147850037,-0.05503315106034279,-0.02907349355518818,0.09008174389600754,0.03942665830254555,0.0043729450553655624,0.0702686533331871,0.03568953648209572,0.02494402974843979,0.05081038177013397,0.020647529512643814,0.0322493314743042,0.03076428920030594,-0.014231155626475811,0.013745840638875961,0.0180966779589653,-0.03485238924622536,0.018186938017606735,-0.003834167495369911,0.017689190804958344,0.03093271702528,-0.03411813825368881,0.006011661142110825,0.03714657574892044,-0.05492259934544563,-0.0030871224589645863,0.041446976363658905,-0.07158632576465607,-0.023359019309282303,0.0002291563432663679,-0.007073013577610254,0.004431395325809717,0.0030376939103007317,-0.047280050814151764,-0.0018479465506970882,0.0007985997945070267,-0.07211988419294357,-0.013566515408456326,0.005627073347568512,-0.09800329059362411,-0.026957591995596886,-0.013111754320561886,0.0016116471961140633,-0.011730542406439781,-0.008694157935678959,-0.02421361766755581,-0.03395304083824158,-0.0018444648012518883,-0.041425712406635284,-0.05466299131512642,0.007999910041689873,-0.05917118862271309,-0.07487215846776962,-0.02734283357858658,0.02115776389837265,-0.022911297157406807,-0.017432808876037598,0.0047267284244298935,-0.03900330141186714,-0.003902164287865162,0.005317181348800659,-0.055758390575647354,0.006267221178859472,0.018070796504616737,-0.06516572833061218,Left,0.9952917098999023,30.0,640.0,480.0
20,0.3606649339199066,0.8565069437026978,3.10085425780926e-07,0.414395809173584,0.8257142901420593,-0.007495574187487364,0.45375165343284607,0.774416446685791,-0.010280602611601353,0.45630979537963867,0.7295569777488708,-0.014399690553545952,0.42923954129219055,0.7158753871917725,-0.020882317796349525,0.4369838535785675,0.6496813297271729,-0.005137011408805847,0.46232178807258606,0.5718919634819031,-0.010267800651490688,0.47703057527542114,0.5257410407066345,-0.017642207443714142,0.48605549335479736,0.48260748386383057,-0.025033989921212196,0.40732547640800476,0.6476423740386963,-0.016126422211527824,0.4108515679836273,0.5520269870758057,-0.02163224294781685,0.4121648967266083,0.49350404739379883,-0.03461169824004173,0.41099056601524353,0.4408555030822754,-0.04556818678975105,0.38092488050460815,0.6706143617630005,-0.027718063443899155,0.38294467329978943,0.5961307883262634,-0.043662674725055695,0.3936421573162079,0.5482639074325562,-0.06168324127793312,0.4014238119125366,0.5036836266517639,-0.07403185218572617,0.3581972122192383,0.7133309245109558,-0.039285264909267426,0.373464435338974,0.6561442613601685,-0.0557127371430397,0.395257830619812,0.6750072836875916,-0.058134932070970535,0.41042280197143555,0.7090688347816467,-0.05887601152062416,-0.028331005945801735,0.09051216393709183,0.037630077451467514,0.005240211263298988,0.07137519121170044,0.031633954495191574,0.024646591395139694,0.051917463541030884,0.014679756946861744,0.0301173347979784,0.03246954083442688,-0.019595781341195107,0.011508399620652199,0.019166892394423485,-0.03888222575187683,0.01965457573533058,-0.003927415236830711,0.015295143239200115,0.03254804015159607,-0.03341268375515938,0.0033242765348404646,0.039424486458301544,-0.0534217394888401,-0.0058729988522827625,0.04549190029501915,-0.06990143656730652,-0.02649408020079136,0.0004911690484732389,-0.007242194376885891,0.004460128955543041,0.003458373248577118,-0.04679853096604347,-0.002467620884999633,0.0016005262732505798,-0.07082174718379974,-0.015219418331980705,0.006007356569170952,-0.0969371497631073,-0.029307896271348,-0.013817968778312206,0.0011878516525030136,-0.010114976204931736,-0.009549880400300026,-0.02541639469563961,-0.03044012002646923,-0.003879969008266926,-0.044679488986730576,-0.05156966298818588,0.00448300875723362,-0.0634426474571228,-0.07055053114891052,-0.028287319466471672,0.02100573293864727,-0.01971019245684147,-0.019094964489340782,0.004688751883804798,-0.035378389060497284,-0.004907175898551941,0.005220251157879829,-0.05187812075018883,0.005797203630208969,0.01879679039120674,-0.061346277594566345,Left,0.9965818524360657,30.0,640.0,480.0
21,0.36119920015335083,0.8566514253616333,3.2219878676187363e-07,0.41492554545402527,0.8239337801933289,-0.003836993360891938,0.45357322692871094,0.771219789981842,-0.0040679024532437325,0.45381027460098267,0.7274487614631653,-0.005933787208050489,0.42556068301200867,0.7157785296440125,-0.00975074153393507,0.43610137701034546,0.647196352481842,0.0002981110301334411,0.46303510665893555,0.5718277096748352,-0.0031964594963937998,0.47740644216537476,0.5265285968780518,-0.00848628394305706,0.48506999015808105,0.48406368494033813,-0.014015858992934227,0.4066462516784668,0.6430802941322327,-0.011581990867853165,0.4115625321865082,0.5465757846832275,-0.01642709970474243,0.41190090775489807,0.48917311429977417,-0.027193214744329453,0.40974289178848267,0.43810176849365234,-0.03541477397084236,0.3812186121940613,0.6651659607887268,-0.02403709664940834,0.38178151845932007,0.593962550163269,-0.038714103400707245,0.3914269804954529,0.5458557605743408,-0.05526038259267807,0.39902275800704956,0.499763548374176,-0.0657099261879921,0.3599718511104584,0.7079545259475708,-0.03623320907354355,0.37381651997566223,0.6557155847549438,-0.04905473440885544,0.39378970861434937,0.6737861633300781,-0.04918953403830528,0.40859881043434143,0.7066707611083984,-0.04818549007177353,-0.02825561724603176,0.0923571065068245,0.038360632956027985,0.005213156342506409,0.072772316634655,0.03377947211265564,0.024598579853773117,0.05300531163811684,0.016552582383155823,0.02907525934278965,0.032786816358566284,-0.018591642379760742,0.008952304720878601,0.021214809268712997,-0.03850399702787399,0.019719798117876053,-0.003880623262375593,0.01629115641117096,0.03309495002031326,-0.033579424023628235,0.0033662356436252594,0.03978145495057106,-0.05192127078771591,-0.004781938157975674,0.0443577878177166,-0.07068141549825668,-0.025248821824789047,0.0005836309865117073,-0.0068312641233205795,0.0039960904978215694,0.0034505128860473633,-0.047806061804294586,-0.0028157925698906183,0.0011394228786230087,-0.07192129641771317,-0.014740056358277798,0.003343086689710617,-0.09785617887973785,-0.027746325358748436,-0.013952938839793205,0.0005800202488899231,-0.010694403201341629,-0.010184032842516899,-0.025091204792261124,-0.03314417228102684,-0.006409074179828167,-0.044191792607307434,-0.05434584245085716,0.0018923692405223846,-0.06421291828155518,-0.07222037762403488,-0.027912288904190063,0.020957954227924347,-0.02136475406587124,-0.019849106669425964,0.006218937691301107,-0.037354376167058945,-0.0072660893201828,0.005885162856429815,-0.05456206575036049,0.003563100937753916,0.01947540044784546,-0.06481996178627014,Left,0.995995819568634,30.0,640.0,480.0
22,0.36175593733787537,0.8574488162994385,3.2064787092167535e-07,0.4151860177516937,0.8245700597763062,-0.0042199138551950455,0.45384564995765686,0.7714685201644897,-0.004969870205968618,0.45481249690055847,0.7278688549995422,-0.007555520161986351,0.4256068468093872,0.7162286639213562,-0.012060657143592834,0.437025249004364,0.6459731459617615,0.00037129881093278527,0.46446505188941956,0.5703244209289551,-0.0032987012527883053,0.47922083735466003,0.5249204635620117,-0.008789136074483395,0.48750704526901245,0.4818328619003296,-0.01464078389108181,0.40703892707824707,0.6420495510101318,-0.011472354643046856,0.4116785228252411,0.547989010810852,-0.01712295599281788,0.41197165846824646,0.48978355526924133,-0.028420932590961456,0.4097241461277008,0.4377231001853943,-0.03719484806060791,0.3814859986305237,0.6644160151481628,-0.023963021114468575,0.3813263177871704,0.5949723124504089,-0.039422016590833664,0.39239370822906494,0.5490586757659912,-0.05597510188817978,0.40143975615501404,0.5052007436752319,-0.06649592518806458,0.3603055477142334,0.7068928480148315,-0.036286864429712296,0.3760392665863037,0.6553938388824463,-0.04977862164378166,0.39451637864112854,0.6757121682167053,-0.0500594824552536,0.4079236388206482,0.7098535895347595,-0.04926609247922897,-0.028638409450650215,0.09202857315540314,0.03891288861632347,0.005541732534766197,0.07231859862804413,0.032942794263362885,0.024630151689052582,0.053423453122377396,0.016006749123334885,0.029109684750437737,0.03254774957895279,-0.020315026864409447,0.009778140112757683,0.02078365720808506,-0.040140170603990555,0.01959468238055706,-0.00348765030503273,0.016268277540802956,0.033554814755916595,-0.033472415059804916,0.003947006538510323,0.04003005847334862,-0.052575305104255676,-0.0038237960543483496,0.044673070311546326,-0.07019101083278656,-0.02369755692780018,0.0005015827482566237,-0.007026515901088715,0.004140202887356281,0.0029491111636161804,-0.04716965928673744,-0.0011199689470231533,0.0004944372922182083,-0.07139572501182556,-0.013889556750655174,0.0035205762833356857,-0.09729298949241638,-0.02547690086066723,-0.013931384310126305,0.0009426956530660391,-0.010565714910626411,-0.011332973837852478,-0.02508361265063286,-0.03303183987736702,-0.006205804646015167,-0.04209604859352112,-0.05310782417654991,0.0026536136865615845,-0.060810387134552,-0.07152818888425827,-0.028387993574142456,0.02060900442302227,-0.021695595234632492,-0.019803574308753014,0.0060746194794774055,-0.036786116659641266,-0.007763615809381008,0.00667428458109498,-0.05206090956926346,0.0025817416608333588,0.02056530863046646,-0.06137771159410477,Left,0.9960219860076904,30.0,640.0,480.0
23,0.3603087067604065,0.858380138874054,3.179198984071263e-07,0.41386038064956665,0.8250026702880859,-0.004395014140754938,0.45309051871299744,0.7716144323348999,-0.004946229048073292,0.45746591687202454,0.7263534069061279,-0.0074068219400942326,0.42841923236846924,0.7134513854980469,-0.011874085292220116,0.43708398938179016,0.6487921476364136,0.0006301638204604387,0.46453574299812317,0.5718494057655334,-0.0033949592616409063,0.4790955185890198,0.5257959961891174,-0.009203759022057056,0.4877188801765442,0.483074426651001,-0.015176782384514809,0.4067888855934143,0.644716739654541,-0.011256963014602661,0.411787211894989,0.5480476021766663,-0.017735160887241364,0.41321343183517456,0.48853710293769836,-0.02940533496439457,0.41171663999557495,0.4368683695793152,-0.038093555718660355,0.3807523250579834,0.666999340057373,-0.023814411833882332,0.3819335699081421,0.5925831198692322,-0.040130678564310074,0.3937946856021881,0.5456624031066895,-0.05621602386236191,0.4030025005340576,0.5016107559204102,-0.06594127416610718,0.3590922951698303,0.709649920463562,-0.03615806624293327,0.37636131048202515,0.65333092212677,-0.050266899168491364,0.3953050971031189,0.6717900633811951,-0.049977123737335205,0.4080730676651001,0.7049573659896851,-0.04841657355427742,-0.029157042503356934,0.09227926284074783,0.03667501360177994,0.005240846425294876,0.07267224788665771,0.03101998195052147,0.02494034916162491,0.053573932498693466,0.013348152860999107,0.030275411903858185,0.03185802325606346,-0.021912120282649994,0.011192354373633862,0.019284384325146675,-0.04263925179839134,0.01982741989195347,-0.003696609288454056,0.015438768081367016,0.03378570079803467,-0.03381644934415817,0.0030298749916255474,0.04067865014076233,-0.05171063542366028,-0.0046172658912837505,0.044943422079086304,-0.06991364061832428,-0.02551240846514702,0.0007121094968169928,-0.006861582864075899,0.00404696399345994,0.0035658888518810272,-0.04750684276223183,-0.0006558053428307176,0.0016087889671325684,-0.07216353714466095,-0.0136083560064435,0.004233544692397118,-0.0977177619934082,-0.02627055160701275,-0.014386126771569252,0.0005315004382282495,-0.010139956139028072,-0.010784153826534748,-0.026293812319636345,-0.031648606061935425,-0.005712589249014854,-0.0443262904882431,-0.05209824815392494,0.0033831363543868065,-0.06273369491100311,-0.06826475262641907,-0.028725802898406982,0.020097482949495316,-0.021259114146232605,-0.01935354620218277,0.00475302804261446,-0.03558444231748581,-0.00720386253669858,0.004339359700679779,-0.0509302020072937,0.0026171556673943996,0.018466629087924957,-0.058894988149404526,Left,0.9965577721595764,30.0,640.0,480.0
24,0.36053553223609924,0.856231153011322,3.2752382139733527e-07,0.41291072964668274,0.8231487274169922,-0.004419722594320774,0.4513765275478363,0.7710457444190979,-0.006218627095222473,0.453233927488327,0.7253327369689941,-0.009656318463385105,0.42470401525497437,0.7104079723358154,-0.015098578296601772,0.4352582097053528,0.6484591960906982,-0.003218273865059018,0.46420449018478394,0.571082353591919,-0.00794505886733532,0.479800283908844,0.5257314443588257,-0.013399980962276459,0.48908549547195435,0.48349136114120483,-0.01889784447848797,0.40491655468940735,0.6448821425437927,-0.015261228196322918,0.4105968475341797,0.5447454452514648,-0.02268911898136139,0.41239744424819946,0.4859020709991455,-0.03364261984825134,0.4113776683807373,0.4348491132259369,-0.04158433899283409,0.3788483738899231,0.6676827669143677,-0.02769276313483715,0.3801839351654053,0.5924965143203735,-0.04440170153975487,0.39222386479377747,0.5444454550743103,-0.05938886106014252,0.4021832346916199,0.49930745363235474,-0.06813117116689682,0.3570702373981476,0.7109689116477966,-0.039818376302719116,0.37236008048057556,0.6504904627799988,-0.05344369262456894,0.39276111125946045,0.6674448847770691,-0.05201268941164017,0.4076191484928131,0.7009280920028687,-0.04957439750432968,-0.02811792492866516,0.09054867923259735,0.03735089674592018,0.0055557116866111755,0.07170946896076202,0.0317249670624733,0.024922918528318405,0.05270418897271156,0.013050341047346592,0.029277309775352478,0.03140181303024292,-0.022730007767677307,0.009208635427057743,0.01838972046971321,-0.0427464060485363,0.01994720846414566,-0.0033311741426587105,0.014611611142754555,0.034323807805776596,-0.03328293561935425,0.0021258294582366943,0.041948333382606506,-0.0511145144701004,-0.00608054967597127,0.04728563129901886,-0.06885197758674622,-0.027445746585726738,0.0003762040287256241,-0.006371057592332363,0.0040464848279953,0.003774345852434635,-0.048260483890771866,-0.0024433117359876633,0.002458365634083748,-0.07259772717952728,-0.01395068597048521,0.005284268409013748,-0.09762734174728394,-0.026856055483222008,-0.014571046456694603,1.257704570889473e-05,-0.009669250808656216,-0.009859047830104828,-0.02575887367129326,-0.03166603296995163,-0.005433095619082451,-0.04497811570763588,-0.05243987962603569,0.004235158674418926,-0.0633520856499672,-0.06910378485918045,-0.02836599387228489,0.01989409700036049,-0.019670123234391212,-0.020037507638335228,0.004168209619820118,-0.03456883504986763,-0.006653083488345146,0.0029270434752106667,-0.04983145743608475,0.004068142268806696,0.016701379790902138,-0.05664137005805969,Left,0.9986466765403748,30.0,640.0,480.0
25,0.3599584400653839,0.8567448854446411,3.2469770872012305e-07,0.41289985179901123,0.8227497339248657,-0.004230773542076349,0.45132747292518616,0.7693232893943787,-0.005458690691739321,0.45308226346969604,0.7237541675567627,-0.00844595953822136,0.4243620038032532,0.7083900570869446,-0.013349682092666626,0.43508023023605347,0.6471742987632751,-0.0016852862900123,0.46411561965942383,0.5699812173843384,-0.006121051497757435,0.48060309886932373,0.5255651473999023,-0.011548067443072796,0.4909133017063141,0.4835285544395447,-0.01703515648841858,0.4045757055282593,0.6436672210693359,-0.013529062271118164,0.40993961691856384,0.5451532602310181,-0.021116159856319427,0.41163113713264465,0.4864429831504822,-0.03221886232495308,0.4103809893131256,0.43461698293685913,-0.04021879658102989,0.37850600481033325,0.6661937236785889,-0.025850264355540276,0.3799883723258972,0.5917223691940308,-0.042671818286180496,0.3920174241065979,0.5449093580245972,-0.05741015821695328,0.4015039801597595,0.5003595352172852,-0.0658554956316948,0.35668298602104187,0.7093292474746704,-0.037901125848293304,0.373536080121994,0.6483311653137207,-0.05120178684592247,0.3935132622718811,0.6663886308670044,-0.04931437224149704,0.40751904249191284,0.7008857131004333,-0.046546705067157745,-0.027830908074975014,0.09173956513404846,0.03628930822014809,0.006086120381951332,0.07231366634368896,0.029899287968873978,0.025153644382953644,0.053407199680805206,0.011196418665349483,0.029019026085734367,0.031354159116744995,-0.024404071271419525,0.009741302579641342,0.018098093569278717,-0.04452485218644142,0.01975632831454277,-0.0029641306027770042,0.014589264988899231,0.03459807485342026,-0.033301740884780884,0.0022608989384025335,0.04247525334358215,-0.05118826776742935,-0.00605615321546793,0.047975145280361176,-0.06858418881893158,-0.026865370571613312,0.0005647495854645967,-0.006637009792029858,0.004117936827242374,0.0034328000620007515,-0.04791755601763725,-0.0010854912688955665,0.002307167276740074,-0.07233012467622757,-0.013289187103509903,0.005149591714143753,-0.09782259166240692,-0.025434842333197594,-0.01464413944631815,0.00028606969863176346,-0.009399020113050938,-0.010545111261308193,-0.026019273325800896,-0.03156448155641556,-0.005271431058645248,-0.04418722540140152,-0.051657840609550476,0.004461257718503475,-0.06220339611172676,-0.06797394901514053,-0.02877034619450569,0.019752105697989464,-0.020206935703754425,-0.01939212717115879,0.003632865846157074,-0.034296050667762756,-0.006575796753168106,0.002891950309276581,-0.04890381172299385,0.004095624200999737,0.017003219574689865,-0.05543218553066254,Left,0.9964324235916138,30.0,640.0,480.0
26,0.3605020046234131,0.8550789952278137,3.292306018920499e-07,0.412893682718277,0.8213989734649658,-0.00404884060844779,0.4509327709674835,0.7680918574333191,-0.005576404742896557,0.4523952603340149,0.7230976223945618,-0.008920025080442429,0.4237320125102997,0.7083120346069336,-0.014300812967121601,0.4351719617843628,0.6458320617675781,-0.0023180078715085983,0.46416518092155457,0.5699460506439209,-0.007183359935879707,0.4809024930000305,0.525992751121521,-0.012976200319826603,0.4917042851448059,0.48444730043411255,-0.018718307837843895,0.4048706293106079,0.6424999237060547,-0.014353572390973568,0.40992099046707153,0.5439412593841553,-0.021869054064154625,0.41165977716445923,0.4854663014411926,-0.03301443159580231,0.41063886880874634,0.4339810609817505,-0.04117146134376526,0.37898755073547363,0.6656381487846375,-0.026810767129063606,0.3798501491546631,0.5905306935310364,-0.04350294545292854,0.3914097845554352,0.543458104133606,-0.05830876901745796,0.4006383419036865,0.4988411068916321,-0.06693624705076218,0.35718971490859985,0.7091562747955322,-0.03895727917551994,0.3726910948753357,0.6495184898376465,-0.0523703433573246,0.39271295070648193,0.6666160821914673,-0.05077402666211128,0.40698400139808655,0.6996017098426819,-0.04828440770506859,-0.028093254193663597,0.09099610894918442,0.03662220388650894,0.006062710657715797,0.07154281437397003,0.03062661550939083,0.025012917816638947,0.05308224633336067,0.01175986509770155,0.02874934673309326,0.031201574951410294,-0.0244856309145689,0.009048908948898315,0.018764249980449677,-0.04465433955192566,0.019814014434814453,-0.003012358210980892,0.014588580466806889,0.034606244415044785,-0.03342333063483238,0.0020174903329461813,0.042827095836400986,-0.05088481307029724,-0.006214364897459745,0.04871359467506409,-0.06789964437484741,-0.027600549161434174,0.00045864039566367865,-0.0064917076379060745,0.004250735975801945,0.0034457994624972343,-0.04808281362056732,-0.0016319709829986095,0.0025555863976478577,-0.07249020040035248,-0.013985835015773773,0.005448807030916214,-0.09736883640289307,-0.02639051340520382,-0.014662419445812702,0.0002583716996014118,-0.009368103928864002,-0.010458609089255333,-0.026060838252305984,-0.03132776543498039,-0.005619192495942116,-0.04489603638648987,-0.05151941254734993,0.003985869698226452,-0.06288363039493561,-0.06785320490598679,-0.028484322130680084,0.019747339189052582,-0.020285191014409065,-0.01967884972691536,0.003916399087756872,-0.034617986530065536,-0.006808717735111713,0.003224833169952035,-0.0489070862531662,0.00399499898776412,0.016896115615963936,-0.055572010576725006,Left,0.9964444637298584,30.0,640.0,480.0
