frame,x_0,y_0,z_0,x_1,y_1,z_1,x_2,y_2,z_2,x_3,y_3,z_3,x_4,y_4,z_4,x_5,y_5,z_5,x_6,y_6,z_6,x_7,y_7,z_7,x_8,y_8,z_8,x_9,y_9,z_9,x_10,y_10,z_10,x_11,y_11,z_11,x_12,y_12,z_12,x_13,y_13,z_13,x_14,y_14,z_14,x_15,y_15,z_15,x_16,y_16,z_16,x_17,y_17,z_17,x_18,y_18,z_18,x_19,y_19,z_19,x_20,y_20,z_20,frame_rate,frame_width,frame_height
0,0.048878878355026245,0.8179160952568054,1.3660448985319817e-06,0.10712799429893494,0.6759587526321411,-0.015171894803643227,0.19401612877845764,0.5688717365264893,-0.04942111670970917,0.2934753894805908,0.5338464379310608,-0.08263047784566879,0.37523701786994934,0.5328329801559448,-0.11620543152093887,0.17201679944992065,0.5000523328781128,-0.10622363537549973,0.30898407101631165,0.4291619658470154,-0.1666359007358551,0.4047077000141144,0.4272822439670563,-0.2009590119123459,0.48200666904449463,0.43795037269592285,-0.22080464661121368,0.15856489539146423,0.5983303785324097,-0.13006937503814697,0.3283895254135132,0.548915445804596,-0.18755990266799927,0.4363132119178772,0.5448023080825806,-0.20717723667621613,0.5181230902671814,0.5456820726394653,-0.21917255222797394,0.16065523028373718,0.7155158519744873,-0.15271830558776855,0.3280951976776123,0.6898103356361389,-0.20010605454444885,0.4395771026611328,0.6835031509399414,-0.20785225927829742,0.522828221321106,0.6757583618164062,-0.21022732555866241,0.17542903125286102,0.8300079703330994,-0.1756429523229599,0.3106696605682373,0.8072565197944641,-0.20539438724517822,0.39034610986709595,0.7951958179473877,-0.20453549921512604,0.45554953813552856,0.782138466835022,-0.2018991857767105,30.0,640.0,480.0
1,0.05105575919151306,0.8220252990722656,1.333757381871692e-06,0.1072126030921936,0.6768046617507935,-0.012984314002096653,0.19405514001846313,0.5677891373634338,-0.04498331621289253,0.2936723530292511,0.5323766469955444,-0.07631568610668182,0.375795841217041,0.5310325622558594,-0.10805321484804153,0.17523972690105438,0.5039939880371094,-0.10128002613782883,0.30944961309432983,0.4321945905685425,-0.16052502393722534,0.40527504682540894,0.4294663071632385,-0.19492264091968536,0.4829484224319458,0.4390006363391876,-0.2149311900138855,0.16274742782115936,0.6011244058609009,-0.12558473646640778,0.33080947399139404,0.5522886514663696,-0.18135330080986023,0.4386179447174072,0.5471026301383972,-0.20120108127593994,0.5204020738601685,0.546978235244751,-0.21343378722667694,0.16519081592559814,0.7181196212768555,-0.1485763043165207,0.33263641595840454,0.6925504803657532,-0.19446183741092682,0.44332069158554077,0.6858952045440674,-0.20191648602485657,0.5251634120941162,0.6770516633987427,-0.20414568483829498,0.17940989136695862,0.8326813578605652,-0.17172515392303467,0.31409934163093567,0.8107005953788757,-0.20046719908714294,0.3924086391925812,0.7979875206947327,-0.19894763827323914,0.45569908618927,0.7835999727249146,-0.19575481116771698,30.0,640.0,480.0
2,0.05312924087047577,0.8191223740577698,1.3642272733704885e-06,0.10836906731128693,0.6758085489273071,-0.01239339541643858,0.19371333718299866,0.5695235729217529,-0.04462333768606186,0.2919601798057556,0.5357818603515625,-0.07617373019456863,0.3724098205566406,0.5363985300064087,-0.107969269156456,0.17668169736862183,0.5017614960670471,-0.10178392380475998,0.31213217973709106,0.4297201633453369,-0.1608828753232956,0.40772557258605957,0.42870408296585083,-0.1946266144514084,0.4837917387485504,0.4413582384586334,-0.213906392455101,0.16389057040214539,0.600233256816864,-0.12591096758842468,0.33344775438308716,0.5535438656806946,-0.1819370985031128,0.440335214138031,0.5499266386032104,-0.2009788155555725,0.5199630260467529,0.550359845161438,-0.21243898570537567,0.16601309180259705,0.7170412540435791,-0.14862076938152313,0.3336859941482544,0.6930082440376282,-0.19434601068496704,0.44310393929481506,0.6864497661590576,-0.2010425329208374,0.5235130190849304,0.6771162152290344,-0.2025666981935501,0.17960797250270844,0.8307483196258545,-0.17138800024986267,0.31513893604278564,0.8101186752319336,-0.1996929794549942,0.3931843638420105,0.7983043193817139,-0.19739912450313568,0.4558996558189392,0.78484046459198,-0.19338101148605347,30.0,640.0,480.0
3,0.05208104848861694,0.8218269348144531,1.345453824797005e-06,0.10814981162548065,0.6784380674362183,-0.013435638509690762,0.19393390417099,0.5709760189056396,-0.04598969221115112,0.2933357357978821,0.5374541282653809,-0.07780277729034424,0.37514349818229675,0.5373752117156982,-0.10992926359176636,0.17522716522216797,0.5037904977798462,-0.10147371143102646,0.3097079396247864,0.43299853801727295,-0.16084246337413788,0.4051353633403778,0.4306855797767639,-0.19527077674865723,0.4822612404823303,0.440921425819397,-0.21522842347621918,0.16344666481018066,0.6007933020591736,-0.12531693279743195,0.3310226500034332,0.5532428622245789,-0.18083645403385162,0.43877020478248596,0.5481690168380737,-0.20085026323795319,0.5209735631942749,0.5477222204208374,-0.21342676877975464,0.16626234352588654,0.7168287634849548,-0.14792698621749878,0.3324108123779297,0.6920388340950012,-0.1937151700258255,0.44246697425842285,0.6855167746543884,-0.20189908146858215,0.5245903134346008,0.6772164106369019,-0.2047647088766098,0.18045422434806824,0.8304678201675415,-0.17071691155433655,0.3147983253002167,0.8098412752151489,-0.19983498752117157,0.39334774017333984,0.7979172468185425,-0.19921064376831055,0.45750799775123596,0.7848033905029297,-0.19662800431251526,30.0,640.0,480.0
4,0.05203633010387421,0.8241142630577087,1.3523176676244475e-06,0.10636673867702484,0.679594874382019,-0.01294182799756527,0.1922357827425003,0.5720898509025574,-0.04540083184838295,0.2900387644767761,0.5363702178001404,-0.07701513916254044,0.37052005529403687,0.5337077379226685,-0.10903789848089218,0.17747148871421814,0.5060001611709595,-0.1026187464594841,0.3132435381412506,0.43514084815979004,-0.16197679936885834,0.4089011549949646,0.43334609270095825,-0.19574257731437683,0.4854016602039337,0.44348084926605225,-0.2152959704399109,0.16392767429351807,0.6036611795425415,-0.1269179731607437,0.3342302441596985,0.5564017295837402,-0.1838381439447403,0.4418795108795166,0.5533017516136169,-0.20303618907928467,0.5225920677185059,0.5541607141494751,-0.21447499096393585,0.16511043906211853,0.7207947969436646,-0.14987985789775848,0.3334842324256897,0.6977110505104065,-0.19663767516613007,0.44472622871398926,0.6913496851921082,-0.20367592573165894,0.52699214220047,0.681618869304657,-0.20538200438022614,0.17804871499538422,0.8356658816337585,-0.1728593409061432,0.3138446509838104,0.8149569630622864,-0.20167548954486847,0.3926779329776764,0.8030791282653809,-0.19974035024642944,0.4563828408718109,0.7887088656425476,-0.1962302178144455,30.0,640.0,480.0
5,0.05269114673137665,0.8243309259414673,1.3555287523558945e-06,0.10632307827472687,0.6798091530799866,-0.013379951938986778,0.19136394560337067,0.5716791749000549,-0.045834172517061234,0.289333701133728,0.5355660915374756,-0.07736020535230637,0.3703065812587738,0.5331533551216125,-0.10914759337902069,0.1768723726272583,0.5052935481071472,-0.1022973284125328,0.3136633634567261,0.4350152015686035,-0.16130606830120087,0.4092928171157837,0.433574914932251,-0.1948154866695404,0.4853612184524536,0.44425928592681885,-0.2140759527683258,0.16376182436943054,0.6040563583374023,-0.12601040303707123,0.33458852767944336,0.5574476718902588,-0.1824345886707306,0.4416574537754059,0.5542593598365784,-0.20153750479221344,0.5214638710021973,0.5548114776611328,-0.21298858523368835,0.16553831100463867,0.7216783165931702,-0.14839600026607513,0.33382391929626465,0.6977084279060364,-0.19483992457389832,0.44447964429855347,0.6910374164581299,-0.20197857916355133,0.5260211229324341,0.6812951564788818,-0.20373734831809998,0.17884832620620728,0.8359107971191406,-0.1708216518163681,0.3154916763305664,0.8149436712265015,-0.19968768954277039,0.39412420988082886,0.8033331632614136,-0.19788721203804016,0.4573865532875061,0.7899351119995117,-0.19430996477603912,30.0,640.0,480.0
6,0.048118576407432556,0.8261054158210754,1.3404471701505827e-06,0.10597328841686249,0.6835030317306519,-0.013907114043831825,0.19323942065238953,0.575691282749176,-0.04631771892309189,0.2915739119052887,0.5388076305389404,-0.07790131866931915,0.37310725450515747,0.5350984334945679,-0.10992572456598282,0.17691944539546967,0.5077744126319885,-0.10161519050598145,0.31312882900238037,0.4372813105583191,-0.16065576672554016,0.4085061848163605,0.43601828813552856,-0.1942790150642395,0.4851722717285156,0.4462238550186157,-0.21370455622673035,0.16425463557243347,0.6044400334358215,-0.1254546195268631,0.3340582847595215,0.5566138625144958,-0.18133169412612915,0.4416408836841583,0.5533446073532104,-0.2008843570947647,0.5231600403785706,0.5537301898002625,-0.21285957098007202,0.1655052900314331,0.7208643555641174,-0.14813590049743652,0.3330063223838806,0.6973543167114258,-0.19456830620765686,0.44428515434265137,0.6915927529335022,-0.20257078111171722,0.5272964239120483,0.6830838918685913,-0.20509102940559387,0.17807430028915405,0.835470974445343,-0.1709422767162323,0.31294891238212585,0.8144610524177551,-0.20022130012512207,0.39260250329971313,0.8026700019836426,-0.19930285215377808,0.45734769105911255,0.7893532514572144,-0.19651377201080322,30.0,640.0,480.0
7,0.048865556716918945,0.8250696659088135,1.374389285047073e-06,0.1064399927854538,0.6830815076828003,-0.013635576702654362,0.1928771734237671,0.5765560865402222,-0.04635591432452202,0.29051482677459717,0.541117787361145,-0.07827743142843246,0.3714612126350403,0.539221465587616,-0.11025974154472351,0.1770651638507843,0.5065310597419739,-0.10215983539819717,0.31465646624565125,0.4338594079017639,-0.16193778812885284,0.4105309545993805,0.4332544803619385,-0.19569037854671478,0.48630857467651367,0.4463784098625183,-0.21483168005943298,0.16346588730812073,0.6046629548072815,-0.12585186958312988,0.33515122532844543,0.5561138391494751,-0.1831522434949875,0.44233810901641846,0.5533579587936401,-0.202593132853508,0.5218290090560913,0.5552338361740112,-0.21389512717723846,0.16449099779129028,0.7212727665901184,-0.14833135902881622,0.3326790928840637,0.6975058317184448,-0.1953403353691101,0.4423862099647522,0.6918216347694397,-0.20223169028759003,0.5228866934776306,0.6833571791648865,-0.20349639654159546,0.1768898367881775,0.8351653218269348,-0.170920267701149,0.3128339648246765,0.8155992031097412,-0.19991356134414673,0.3918299078941345,0.8040769100189209,-0.19798360764980316,0.45539361238479614,0.7904396057128906,-0.19407621026039124,30.0,640.0,480.0
8,0.04780633747577667,0.8272316455841064,1.3551194797400967e-06,0.10635145008563995,0.6841999292373657,-0.014028260484337807,0.19339308142662048,0.5757284164428711,-0.04696130007505417,0.29228460788726807,0.5399444699287415,-0.07923075556755066,0.37496528029441833,0.5383982062339783,-0.11178062111139297,0.17585033178329468,0.5070787668228149,-0.10172779858112335,0.31270942091941833,0.4355919361114502,-0.16112275421619415,0.40806442499160767,0.4343366324901581,-0.19505447149276733,0.48479148745536804,0.4456384778022766,-0.21454066038131714,0.16298404335975647,0.6048644781112671,-0.12549731135368347,0.33367806673049927,0.5566169619560242,-0.18159671127796173,0.44131243228912354,0.5529820322990417,-0.20158608257770538,0.5225491523742676,0.5538491010665894,-0.21379326283931732,0.1642857939004898,0.7218046188354492,-0.1480085402727127,0.3327631950378418,0.6972370743751526,-0.1944681853055954,0.4425049424171448,0.6926631331443787,-0.20196422934532166,0.5231261253356934,0.6855576038360596,-0.2040008008480072,0.176825150847435,0.836301863193512,-0.17070110142230988,0.3130123019218445,0.8160542845726013,-0.19986218214035034,0.39203739166259766,0.8044688701629639,-0.1984890252351761,0.4554157853126526,0.7911054491996765,-0.19517381489276886,30.0,640.0,480.0
9,0.05301700532436371,0.8233814239501953,1.3766352822131012e-06,0.10940518975257874,0.6811403036117554,-0.013824415393173695,0.1955072283744812,0.5753641128540039,-0.0464375801384449,0.293844610452652,0.5429883599281311,-0.07839006930589676,0.3746432662010193,0.5439207553863525,-0.11021304130554199,0.17833872139453888,0.5047587156295776,-0.0998402088880539,0.3160375654697418,0.4322435259819031,-0.15871745347976685,0.4123108685016632,0.4308320879936218,-0.19239789247512817,0.48841843008995056,0.4440677762031555,-0.21155263483524323,0.16475985944271088,0.603546142578125,-0.12320280820131302,0.33546191453933716,0.5539661049842834,-0.1796187460422516,0.4424912929534912,0.5501785278320312,-0.19911819696426392,0.5223841667175293,0.5516326427459717,-0.2106376439332962,0.16684004664421082,0.7197808623313904,-0.14547891914844513,0.3334617018699646,0.6933433413505554,-0.19154377281665802,0.44321516156196594,0.6869803071022034,-0.19842685759067535,0.5239994525909424,0.6785080432891846,-0.199832022190094,0.1813756823539734,0.832365870475769,-0.16803115606307983,0.31665393710136414,0.8104159832000732,-0.1959322988986969,0.39419025182724,0.7993956208229065,-0.1936211884021759,0.45669615268707275,0.7865724563598633,-0.1896178126335144,30.0,640.0,480.0
10,0.0582023561000824,0.8215660452842712,1.3603061006506323e-06,0.11379486322402954,0.677918553352356,-0.013335485011339188,0.1989036500453949,0.5712406635284424,-0.04678429663181305,0.29753538966178894,0.5387366414070129,-0.07973143458366394,0.3798133134841919,0.5432156920433044,-0.11307032406330109,0.18147963285446167,0.5043209791183472,-0.10142754763364792,0.3188648819923401,0.43214553594589233,-0.15998248755931854,0.413882851600647,0.4297754168510437,-0.19283853471279144,0.49005842208862305,0.44100433588027954,-0.21167367696762085,0.169414684176445,0.6012445092201233,-0.12548215687274933,0.3399862051010132,0.5522983074188232,-0.18215301632881165,0.44606029987335205,0.5486266016960144,-0.20106379687786102,0.5260498523712158,0.5502709746360779,-0.21211716532707214,0.17206710577011108,0.7167611718177795,-0.14818209409713745,0.33869779109954834,0.690869152545929,-0.19413700699806213,0.4477778375148773,0.6846798658370972,-0.20017801225185394,0.5284789800643921,0.6762980818748474,-0.2011553794145584,0.18619249761104584,0.8296130895614624,-0.17111453413963318,0.3192056715488434,0.8067039847373962,-0.19876888394355774,0.3962640166282654,0.7950986623764038,-0.19589321315288544,0.45850667357444763,0.7826850414276123,-0.1916564255952835,30.0,640.0,480.0
11,0.056825071573257446,0.8206616640090942,1.3511423730960814e-06,0.11276526749134064,0.6778163909912109,-0.013986905105412006,0.19886738061904907,0.571681559085846,-0.047603901475667953,0.29813647270202637,0.5390660166740417,-0.08054938912391663,0.38072991371154785,0.5426943302154541,-0.11402081698179245,0.1815224289894104,0.5048387050628662,-0.10247403383255005,0.31876030564308167,0.4339836835861206,-0.16146734356880188,0.4140515923500061,0.4322164058685303,-0.1947638839483261,0.49072715640068054,0.44319167733192444,-0.21400238573551178,0.17003709077835083,0.6009869575500488,-0.12645117938518524,0.3389511704444885,0.5522416830062866,-0.18311826884746552,0.44557178020477295,0.5483130812644958,-0.2024301290512085,0.5265476107597351,0.5496643781661987,-0.21407762169837952,0.17254281044006348,0.7163437604904175,-0.14918208122253418,0.33765846490859985,0.691178023815155,-0.195545956492424,0.4474051892757416,0.6848613023757935,-0.20273128151893616,0.5292917490005493,0.6767330169677734,-0.2047131359577179,0.18625245988368988,0.8296343684196472,-0.17214961349964142,0.31890472769737244,0.8072807788848877,-0.20077452063560486,0.39691898226737976,0.7958868145942688,-0.19917671382427216,0.4604877829551697,0.7838597893714905,-0.19600732624530792,30.0,640.0,480.0
12,0.05795498192310333,0.8193672299385071,1.3706726349482778e-06,0.11311207711696625,0.6770685315132141,-0.013849002309143543,0.19850194454193115,0.5715351700782776,-0.04771804437041283,0.2973760962486267,0.5396903157234192,-0.08074457943439484,0.3792365789413452,0.5428791642189026,-0.11410330981016159,0.1816772222518921,0.5040550231933594,-0.10356666892766953,0.31882187724113464,0.4314252734184265,-0.16287420690059662,0.41428056359291077,0.42987746000289917,-0.19611933827400208,0.49024927616119385,0.44261398911476135,-0.21509301662445068,0.17032469809055328,0.6010098457336426,-0.1273418813943863,0.34113454818725586,0.5522394776344299,-0.18438762426376343,0.447091281414032,0.5489993095397949,-0.2032925933599472,0.5261216759681702,0.551232099533081,-0.2143716663122177,0.1729242205619812,0.7165391445159912,-0.1497451812028885,0.33940282464027405,0.6905904412269592,-0.19591273367404938,0.4481883645057678,0.6847321391105652,-0.2019822895526886,0.5283632278442383,0.6769689321517944,-0.20306293666362762,0.18646670877933502,0.8295993804931641,-0.172334685921669,0.3193359076976776,0.8067830801010132,-0.2005062997341156,0.39677050709724426,0.7951914668083191,-0.19792711734771729,0.4594402313232422,0.7830262184143066,-0.19384503364562988,30.0,640.0,480.0
13,0.056666404008865356,0.8071703910827637,1.3199031627664226e-06,0.12025745213031769,0.6660792827606201,-0.012910010293126106,0.2114723175764084,0.5551769137382507,-0.04382422938942909,0.3128412365913391,0.5174223184585571,-0.07476304471492767,0.3953855037689209,0.5132080912590027,-0.10622569918632507,0.1885422170162201,0.4931464195251465,-0.09609238058328629,0.32032209634780884,0.42637309432029724,-0.15213581919670105,0.4143494665622711,0.42160147428512573,-0.18390165269374847,0.4903934597969055,0.43357330560684204,-0.20190660655498505,0.17755988240242004,0.5898444652557373,-0.11978121101856232,0.3387535810470581,0.5454301238059998,-0.17337048053741455,0.4486304819583893,0.5402542352676392,-0.1921776384115219,0.5334564447402954,0.5459585785865784,-0.2036074995994568,0.17824602127075195,0.7044780254364014,-0.14232106506824493,0.33914345502853394,0.6788051724433899,-0.1872996985912323,0.447325736284256,0.6789238452911377,-0.1944480836391449,0.5257949829101562,0.6796218752861023,-0.1961067020893097,0.1882600039243698,0.8184692859649658,-0.16520023345947266,0.3192096948623657,0.7949092388153076,-0.1946735829114914,0.39954131841659546,0.7875542044639587,-0.1942852884531021,0.4639922082424164,0.7835916876792908,-0.19134105741977692,30.0,640.0,480.0
14,0.05670015513896942,0.8094507455825806,1.290471800530213e-06,0.119882732629776,0.6697112321853638,-0.011300899088382721,0.2110806405544281,0.5574569702148438,-0.04096245765686035,0.31083622574806213,0.5174095630645752,-0.07079359143972397,0.3921241760253906,0.5084070563316345,-0.1010424941778183,0.18928906321525574,0.49424371123313904,-0.09477223455905914,0.32100188732147217,0.42587754130363464,-0.15014949440956116,0.41399842500686646,0.419861376285553,-0.18081504106521606,0.48953938484191895,0.43035435676574707,-0.1979891061782837,0.1783938705921173,0.5902193784713745,-0.11881528794765472,0.33956262469291687,0.5437642931938171,-0.17198053002357483,0.44823622703552246,0.5383163690567017,-0.19050732254981995,0.5320944786071777,0.544368326663971,-0.20147009193897247,0.1789170503616333,0.7051289081573486,-0.14140893518924713,0.34016165137290955,0.6770403981208801,-0.18620453774929047,0.44703882932662964,0.6789324283599854,-0.19246181845664978,0.5242568254470825,0.6812702417373657,-0.19322101771831512,0.1885581910610199,0.8197927474975586,-0.16408886015415192,0.32002708315849304,0.7950161695480347,-0.19372954964637756,0.4011710584163666,0.7879676818847656,-0.19298163056373596,0.46628865599632263,0.7847035527229309,-0.1894601583480835,30.0,640.0,480.0
15,0.20613405108451843,0.6675041913986206,-7.065728482302802e-07,0.1988922357559204,0.4981237053871155,0.026956282556056976,0.2727147340774536,0.3974650800228119,0.03206178918480873,0.3619481921195984,0.38376474380493164,0.03036070615053177,0.4272514879703522,0.4320625066757202,0.03042783960700035,0.3902374505996704,0.35694897174835205,0.009379202499985695,0.4874584674835205,0.356844425201416,0.01380486786365509,0.48744356632232666,0.4085007309913635,0.02056136541068554,0.46230077743530273,0.4388399124145508,0.025248859077692032,0.44252103567123413,0.42790350317955017,-0.009021707810461521,0.5076577663421631,0.45754995942115784,0.01232240255922079,0.4880184829235077,0.4979982078075409,0.022805949673056602,0.4542669951915741,0.5151597857475281,0.022952664643526077,0.47037941217422485,0.5190363526344299,-0.024374034255743027,0.5097714066505432,0.5558671355247498,-0.00011585885658860207,0.4836438298225403,0.5789711475372314,0.01213033590465784,0.44600263237953186,0.58772873878479,0.010148189961910248,0.4789290428161621,0.610802948474884,-0.03898819908499718,0.4920274317264557,0.6466227769851685,-0.012286460027098656,0.4607948660850525,0.6577805280685425,0.005324431229382753,0.42159947752952576,0.6552177667617798,0.013153263367712498,30.0,640.0,480.0
16,0.11690357327461243,0.7714566588401794,9.723403309180867e-07,0.160524383187294,0.6160432696342468,0.008442005142569542,0.22438769042491913,0.5011346936225891,-0.007315583061426878,0.302424818277359,0.4534952640533447,-0.029173878952860832,0.37374067306518555,0.45019617676734924,-0.050823960453271866,0.23018907010555267,0.43596744537353516,-0.025705300271511078,0.3441760540008545,0.356762170791626,-0.06401542574167252,0.427450954914093,0.3547128736972809,-0.09146849811077118,0.49101418256759644,0.37001901865005493,-0.10804126411676407,0.24114538729190826,0.49834102392196655,-0.05219290778040886,0.36470597982406616,0.42978423833847046,-0.08296279609203339,0.4526609182357788,0.431342214345932,-0.10027231276035309,0.5210728645324707,0.4447377324104309,-0.11234220117330551,0.25428539514541626,0.5838248133659363,-0.07868152111768723,0.3704806864261627,0.5198465585708618,-0.09927040338516235,0.4495325982570648,0.5127662420272827,-0.1038302332162857,0.5104052424430847,0.514729917049408,-0.10816025733947754,0.2708388864994049,0.6820164918899536,-0.10538119822740555,0.35104647278785706,0.6262043118476868,-0.11620259284973145,0.40337398648262024,0.5931402444839478,-0.1136091873049736,0.4499555826187134,0.5679851174354553,-0.11155732721090317,30.0,640.0,480.0
17,0.12243017554283142,0.7632696628570557,6.671654659839987e-07,0.15593670308589935,0.6044877767562866,0.013852679170668125,0.22192080318927765,0.4871823787689209,0.00328142661601305,0.2972615659236908,0.43330109119415283,-0.013781698420643806,0.3640873432159424,0.42312192916870117,-0.031164515763521194,0.23473359644412994,0.4333193302154541,-0.01924160122871399,0.3487858474254608,0.36267775297164917,-0.05180706828832626,0.42662960290908813,0.35741305351257324,-0.0747842788696289,0.48407483100891113,0.367110013961792,-0.08892051130533218,0.25507304072380066,0.4967502951622009,-0.045989640057086945,0.373199462890625,0.433053195476532,-0.0712801069021225,0.45319342613220215,0.4271508455276489,-0.08562831580638885,0.5131677985191345,0.43305155634880066,-0.09656306356191635,0.27526983618736267,0.5804888606071472,-0.07201399654150009,0.38376790285110474,0.5210779309272766,-0.09122789651155472,0.45870286226272583,0.5051584243774414,-0.09691188484430313,0.5152499675750732,0.49824610352516174,-0.10210505872964859,0.29670658707618713,0.6755222678184509,-0.09739038348197937,0.37630850076675415,0.6230150461196899,-0.1088232472538948,0.42764535546302795,0.5893537402153015,-0.10766248404979706,0.4724910259246826,0.5623882412910461,-0.10678096115589142,30.0,640.0,480.0
18,0.22092102468013763,0.5092790126800537,2.531402287786477e-07,0.25746625661849976,0.3885016143321991,0.015432708896696568,0.33567604422569275,0.3207046389579773,0.008598873391747475,0.41314461827278137,0.31095001101493835,-0.002565482398495078,0.4709799885749817,0.33682355284690857,-0.014002928510308266,0.3601938486099243,0.27598923444747925,-0.013488305732607841,0.4655609726905823,0.28588441014289856,-0.031912561506032944,0.5052937865257263,0.3115539848804474,-0.04249420389533043,0.5189958810806274,0.33145004510879517,-0.04896479472517967,0.3680368959903717,0.3360980451107025,-0.03396576642990112,0.4770749509334564,0.33780068159103394,-0.04673614352941513,0.5169845223426819,0.35738277435302734,-0.051862701773643494,0.5339898467063904,0.3747117519378662,-0.05615304037928581,0.3690323233604431,0.410354346036911,-0.052637919783592224,0.4737044870853424,0.39383915066719055,-0.06305117905139923,0.5130724906921387,0.4074777662754059,-0.06016057729721069,0.5336303114891052,0.4199508726596832,-0.05911403149366379,0.3649028539657593,0.4921061098575592,-0.06964773684740067,0.43813639879226685,0.4875567555427551,-0.07511799037456512,0.47880491614341736,0.48638391494750977,-0.07016304135322571,0.5099464654922485,0.48070228099823,-0.06658446788787842,30.0,640.0,480.0
19,0.15354178845882416,0.6822143197059631,9.209043128066696e-07,0.17755648493766785,0.5250459313392639,0.010705666616559029,0.2325229048728943,0.42135071754455566,-0.00033952621743083,0.3006695508956909,0.37276723980903625,-0.017039310187101364,0.36566147208213806,0.36300742626190186,-0.03223579004406929,0.2513699531555176,0.371002197265625,-0.011481736786663532,0.3544865846633911,0.278368204832077,-0.04410921037197113,0.4363889992237091,0.27587535977363586,-0.06870649009943008,0.49426037073135376,0.30114254355430603,-0.08207095414400101,0.2674053907394409,0.41336745023727417,-0.03209707513451576,0.38154521584510803,0.33039289712905884,-0.05863932892680168,0.46351587772369385,0.32570624351501465,-0.07452747225761414,0.5223333239555359,0.3409726023674011,-0.08467481285333633,0.2866576611995697,0.47213074564933777,-0.05299348011612892,0.39443373680114746,0.39921799302101135,-0.06969969719648361,0.4705480933189392,0.3824232518672943,-0.07558107376098633,0.5278527140617371,0.3860660195350647,-0.08015885949134827,0.3112849295139313,0.5483347773551941,-0.07384539395570755,0.3932911157608032,0.5016472339630127,-0.08158217370510101,0.4503360390663147,0.4795285761356354,-0.0800102949142456,0.4981309771537781,0.4690195918083191,-0.07808968424797058,30.0,640.0,480.0
20,0.1670716106891632,0.6556154489517212,6.8377096340555e-07,0.19021841883659363,0.5021849274635315,0.01895267702639103,0.24938365817070007,0.39612218737602234,0.008724200539290905,0.3185120224952698,0.34512245655059814,-0.009296356700360775,0.38602346181869507,0.3386662006378174,-0.028357887640595436,0.2547314763069153,0.35874220728874207,-0.013929982669651508,0.3594996929168701,0.2855871915817261,-0.04947977513074875,0.4386724829673767,0.2808116674423218,-0.0741371363401413,0.49368053674697876,0.3018532991409302,-0.0878838449716568,0.2748830318450928,0.40271255373954773,-0.04056725651025772,0.3856544494628906,0.3224871754646301,-0.0716567412018776,0.4655013978481293,0.32019340991973877,-0.08854600042104721,0.5223644971847534,0.33821362257003784,-0.09875935316085815,0.2962324321269989,0.4638289213180542,-0.06625378131866455,0.40121403336524963,0.38384926319122314,-0.09044467657804489,0.47747138142585754,0.37224042415618896,-0.09914906322956085,0.5342724323272705,0.37830623984336853,-0.10443456470966339,0.3214842677116394,0.5395098924636841,-0.09029490500688553,0.4037339687347412,0.4921688139438629,-0.10555725544691086,0.46047165989875793,0.47443297505378723,-0.10792726278305054,0.5083163976669312,0.46419453620910645,-0.10866139084100723,30.0,640.0,480.0
21,0.19605359435081482,0.6049827933311462,9.030718501890078e-07,0.3000031113624573,0.5748923420906067,-0.004730573855340481,0.37531518936157227,0.5167824029922485,-0.02159665897488594,0.443898469209671,0.4903244972229004,-0.043017350137233734,0.5068569183349609,0.47161757946014404,-0.06205333396792412,0.2895084619522095,0.3308960199356079,-0.019006676971912384,0.39387351274490356,0.25684839487075806,-0.05063255503773689,0.4686054587364197,0.27074792981147766,-0.07530239969491959,0.5226789712905884,0.29620158672332764,-0.09188598394393921,0.27888062596321106,0.34582793712615967,-0.03707220405340195,0.40175676345825195,0.2740093469619751,-0.06951703131198883,0.4785093665122986,0.29251736402511597,-0.08819020539522171,0.5315496921539307,0.3214256167411804,-0.09962581098079681,0.2818368375301361,0.3914670944213867,-0.056922610849142075,0.39317750930786133,0.3236088156700134,-0.08429516851902008,0.4677547216415405,0.3340926170349121,-0.09261167794466019,0.5216415524482727,0.3527801036834717,-0.0971091240644455,0.2995446026325226,0.45478132367134094,-0.0779448002576828,0.3862552344799042,0.4199855923652649,-0.09752585738897324,0.44118982553482056,0.414072185754776,-0.10045962035655975,0.4852001965045929,0.4149824380874634,-0.10124880075454712,30.0,640.0,480.0
22,0.2050745040178299,0.6005617380142212,6.697520689158409e-07,0.31142908334732056,0.5691495537757874,0.005523845087736845,0.3841562569141388,0.5092767477035522,-0.008326291106641293,0.45005667209625244,0.48630547523498535,-0.02909766137599945,0.5086908936500549,0.46741577982902527,-0.048468273133039474,0.29250892996788025,0.3333255648612976,-0.013229084201157093,0.3930322825908661,0.2588980495929718,-0.04672301560640335,0.46596288681030273,0.2725542485713959,-0.07261122018098831,0.5155229568481445,0.2999718487262726,-0.08963628858327866,0.27931931614875793,0.34445205330848694,-0.03723160922527313,0.40219128131866455,0.2725895047187805,-0.07293669134378433,0.4800397455692291,0.29656341671943665,-0.09487345069646835,0.529879629611969,0.32906460762023926,-0.10791164636611938,0.2800329625606537,0.3826197385787964,-0.06223108619451523,0.3887704014778137,0.3097887635231018,-0.09267241507768631,0.4649357199668884,0.3242684602737427,-0.10346268862485886,0.5171986818313599,0.3472306430339813,-0.10869165509939194,0.29476919770240784,0.43670928478240967,-0.08722319453954697,0.3703192472457886,0.38904494047164917,-0.10985615849494934,0.4221251904964447,0.3695031404495239,-0.1171928346157074,0.46498337388038635,0.3594042658805847,-0.12103374302387238,30.0,640.0,480.0
23,0.21074941754341125,0.5972394943237305,6.665151204288122e-07,0.3160766065120697,0.5702670812606812,0.0035474917385727167,0.38562044501304626,0.511325478553772,-0.011630977503955364,0.4488945007324219,0.48563891649246216,-0.034026071429252625,0.5089354515075684,0.4661434292793274,-0.05492402985692024,0.2929162383079529,0.33522990345954895,-0.010235823690891266,0.3918582797050476,0.2638654112815857,-0.04438038915395737,0.4654320180416107,0.2782979905605316,-0.07167048752307892,0.5160577297210693,0.30548474192619324,-0.08948447555303574,0.2807900309562683,0.34119680523872375,-0.033367134630680084,0.4025636315345764,0.2698981761932373,-0.07046648114919662,0.4809938073158264,0.2953745722770691,-0.09330445528030396,0.5305708050727844,0.3311367332935333,-0.10620038956403732,0.28412508964538574,0.371864378452301,-0.05792142450809479,0.39331477880477905,0.3006290793418884,-0.08880540728569031,0.47071513533592224,0.31608662009239197,-0.09936840832233429,0.5224969983100891,0.3428155779838562,-0.10350695252418518,0.30198565125465393,0.41877779364585876,-0.08294102549552917,0.3826713562011719,0.3686874806880951,-0.10512784123420715,0.4387713372707367,0.3537091016769409,-0.11169317364692688,0.48371922969818115,0.35010069608688354,-0.11439977586269379,30.0,640.0,480.0
24,0.229393869638443,0.59588623046875,5.279916877043433e-07,0.33009999990463257,0.57513827085495,0.0036977671552449465,0.40338653326034546,0.5212597250938416,-0.008191272616386414,0.4582924246788025,0.49197620153427124,-0.027326643466949463,0.5146340131759644,0.4739423990249634,-0.04513704031705856,0.33574414253234863,0.3436141908168793,0.005509946960955858,0.42096295952796936,0.2907228469848633,-0.021159952506422997,0.4861968457698822,0.30658167600631714,-0.04526318609714508,0.5316481590270996,0.3308801054954529,-0.06127595528960228,0.31490370631217957,0.3363851010799408,-0.015781257301568985,0.4216587543487549,0.2646401524543762,-0.04217638447880745,0.4935223460197449,0.2887420058250427,-0.06024913862347603,0.5395303964614868,0.3210468292236328,-0.07058905065059662,0.307336688041687,0.3532100319862366,-0.039296701550483704,0.41318953037261963,0.27727770805358887,-0.06543470174074173,0.48727303743362427,0.2988554537296295,-0.07331445813179016,0.5354359149932861,0.33135685324668884,-0.07568984478712082,0.31396856904029846,0.3915253281593323,-0.06347808986902237,0.40144631266593933,0.34678342938423157,-0.08439508080482483,0.4583353102207184,0.35507696866989136,-0.0868844985961914,0.49875402450561523,0.372552752494812,-0.0859018936753273,30.0,640.0,480.0
25,0.23751841485500336,0.5973242521286011,4.3165891838725656e-07,0.3357940912246704,0.5795081853866577,0.0175764337182045,0.4038650095462799,0.5260143280029297,0.017215104773640633,0.45736488699913025,0.49849629402160645,0.006364346481859684,0.5149450302124023,0.4814206659793854,-0.0038214274682104588,0.3558821380138397,0.35871046781539917,0.03760115057229996,0.4304465055465698,0.3170531988143921,0.02376904897391796,0.48943305015563965,0.3130982518196106,0.007324689999222755,0.5330584049224854,0.3167645335197449,-0.0048894258216023445,0.3357568383216858,0.3443302512168884,0.012289800681173801,0.4302002191543579,0.27980318665504456,-0.001628522644750774,0.49478819966316223,0.28588205575942993,-0.013520128093659878,0.5408202409744263,0.2996155917644501,-0.02160700224339962,0.3256538510322571,0.35122543573379517,-0.016051406040787697,0.425418883562088,0.283427357673645,-0.03553342446684837,0.49246305227279663,0.3056470453739166,-0.042648378759622574,0.5369328856468201,0.33864766359329224,-0.04540498927235603,0.32985955476760864,0.3766767680644989,-0.04430455341935158,0.41562843322753906,0.3326858580112457,-0.061422139406204224,0.4707517623901367,0.3495612144470215,-0.06372921913862228,0.5097037553787231,0.37518826127052307,-0.06350062042474747,30.0,640.0,480.0
26,0.2491670846939087,0.5936477184295654,4.589481648054061e-07,0.34289127588272095,0.5758706331253052,0.017919769510626793,0.4092378616333008,0.5289912819862366,0.01949157752096653,0.46313709020614624,0.5065593719482422,0.010387151502072811,0.5186756253242493,0.4924185276031494,0.0012752108741551638,0.37117841839790344,0.36898428201675415,0.03800295665860176,0.4396665096282959,0.32611191272735596,0.02230406366288662,0.49610891938209534,0.32626768946647644,0.004699131939560175,0.5386034250259399,0.3354228138923645,-0.00738923903554678,0.3529270887374878,0.3515804708003998,0.012833585031330585,0.4377000033855438,0.27925142645835876,-0.0022605701815336943,0.5006228685379028,0.2724342942237854,-0.01684354804456234,0.5471146702766418,0.27852141857147217,-0.02693290449678898,0.3389812409877777,0.3553696870803833,-0.015506478026509285,0.43301665782928467,0.29323580861091614,-0.03799403831362724,0.49897831678390503,0.318470299243927,-0.048825621604919434,0.5417343974113464,0.35518428683280945,-0.053211092948913574,0.33437496423721313,0.3770594894886017,-0.04333225265145302,0.416644424200058,0.33694809675216675,-0.06419139355421066,0.4709443151950836,0.35343149304389954,-0.06978745013475418,0.5095119476318359,0.3790147006511688,-0.07122837007045746,30.0,640.0,480.0
27,0.25162094831466675,0.5920931100845337,4.618463265160244e-07,0.3450128436088562,0.5800786018371582,0.013720236718654633,0.4112403094768524,0.5301877856254578,0.014259791001677513,0.4661511182785034,0.5055289268493652,0.005257782526314259,0.5228323340415955,0.4940142035484314,-0.003600693540647626,0.37455350160598755,0.36795055866241455,0.030797068029642105,0.4434841275215149,0.31962427496910095,0.014686564914882183,0.49972304701805115,0.32401329278945923,-0.0024323652032762766,0.5427699089050293,0.3397904634475708,-0.014111695811152458,0.3551269769668579,0.35085466504096985,0.008128711953759193,0.44060516357421875,0.2783290445804596,-0.006919613108038902,0.5049086213111877,0.28206467628479004,-0.020784856751561165,0.5520890951156616,0.30064237117767334,-0.030326660722494125,0.3403692841529846,0.3558608889579773,-0.01757780835032463,0.4334831237792969,0.2952546775341034,-0.038968510925769806,0.49953797459602356,0.32399481534957886,-0.04966071620583534,0.5421481132507324,0.365045428276062,-0.05432251840829849,0.3347508907318115,0.37916651368141174,-0.04305730760097504,0.41601383686065674,0.3357020318508148,-0.0627724751830101,0.47064700722694397,0.3545033931732178,-0.06808651238679886,0.5089606046676636,0.3844060003757477,-0.06948865205049515,30.0,640.0,480.0
28,0.25085708498954773,0.5976042747497559,4.0059126149571966e-07,0.34248384833335876,0.5845831036567688,0.013081167824566364,0.4105391800403595,0.5333337187767029,0.013158156536519527,0.4652983546257019,0.508125364780426,0.0037312903441488743,0.5213853716850281,0.4955103397369385,-0.005402075592428446,0.37599068880081177,0.3771800696849823,0.0320114940404892,0.4442235827445984,0.32821571826934814,0.014921754598617554,0.5011529326438904,0.3369176387786865,-0.003235655138269067,0.5434251427650452,0.3560931384563446,-0.015488864853978157,0.3567563593387604,0.35954639315605164,0.009820039384067059,0.44185489416122437,0.28911763429641724,-0.006809872109442949,0.5045222043991089,0.3031756281852722,-0.02142971009016037,0.5489232540130615,0.32849764823913574,-0.03086831234395504,0.3417368233203888,0.3621291518211365,-0.015623606741428375,0.4319373071193695,0.2934051752090454,-0.03811615705490112,0.497405081987381,0.3223194181919098,-0.048078522086143494,0.5405896902084351,0.36306750774383545,-0.051877766847610474,0.33487045764923096,0.38273555040359497,-0.040929969400167465,0.41550639271736145,0.335559606552124,-0.06157154217362404,0.4707220792770386,0.35361599922180176,-0.0667688176035881,0.5097867846488953,0.3823413848876953,-0.06785767525434494,30.0,640.0,480.0
29,0.24981234967708588,0.598933756351471,4.312088606184261e-07,0.3429592251777649,0.586406409740448,0.01478089950978756,0.41016891598701477,0.5353755950927734,0.016857992857694626,0.46506035327911377,0.5096848607063293,0.009141064248979092,0.5207167267799377,0.49758636951446533,0.001917844987474382,0.37781715393066406,0.3811550438404083,0.03863619267940521,0.44464942812919617,0.33886247873306274,0.024369385093450546,0.5003869533538818,0.3454322814941406,0.006936232093721628,0.5431643128395081,0.3622036576271057,-0.0050775278359651566,0.35852542519569397,0.3615648150444031,0.015712382271885872,0.4383895695209503,0.28944656252861023,0.0025289305485785007,0.5006042122840881,0.2912306785583496,-0.011404749006032944,0.5470095872879028,0.3075982332229614,-0.020933935418725014,0.3425348997116089,0.3631991446018219,-0.010730421170592308,0.42976492643356323,0.2977272570133209,-0.030395368114113808,0.4949108958244324,0.32222363352775574,-0.040826842188835144,0.538201093673706,0.3596687614917755,-0.04540513828396797,0.3357907235622406,0.383319228887558,-0.03707355260848999,0.4148695766925812,0.33667993545532227,-0.05496908724308014,0.46875515580177307,0.35405218601226807,-0.05946262925863266,0.5071367621421814,0.38311994075775146,-0.060483869165182114,30.0,640.0,480.0
30,0.2512624263763428,0.5999666452407837,4.7505193379038246e-07,0.34632545709609985,0.5858424305915833,0.015959393233060837,0.4111088216304779,0.5360608100891113,0.018239589408040047,0.4661805033683777,0.5113696455955505,0.01004296075552702,0.5218663215637207,0.4978739321231842,0.002626284956932068,0.36995166540145874,0.3785560131072998,0.04259534925222397,0.43855971097946167,0.3401292562484741,0.027968715876340866,0.49641817808151245,0.34541475772857666,0.009999346919357777,0.5410865545272827,0.35915204882621765,-0.002184769371524453,0.35196995735168457,0.35984718799591064,0.0188802108168602,0.43506649136543274,0.2914000451564789,0.0053484574891626835,0.4986967146396637,0.2901637554168701,-0.008878867141902447,0.547134518623352,0.30136746168136597,-0.018579769879579544,0.33965203166007996,0.3631274700164795,-0.008705801330506802,0.4310700595378876,0.30348679423332214,-0.028676912188529968,0.4978956878185272,0.32896560430526733,-0.03923898935317993,0.542385458946228,0.3669630289077759,-0.043557602912187576,0.33799439668655396,0.3842177391052246,-0.03629856929183006,0.4196644723415375,0.33866143226623535,-0.053610920906066895,0.47440457344055176,0.35642215609550476,-0.057855334132909775,0.5138214826583862,0.3860841989517212,-0.05865871161222458,30.0,640.0,480.0
31,0.2507874071598053,0.5974282622337341,4.925457801618904e-07,0.34569260478019714,0.583655059337616,0.01672612503170967,0.4112982153892517,0.5350362658500671,0.01913614571094513,0.46641653776168823,0.5104885101318359,0.011052215471863747,0.5221378803253174,0.4962978959083557,0.0034519226755946875,0.3698725402355194,0.37596482038497925,0.0419640950858593,0.44048094749450684,0.3392185866832733,0.02828238531947136,0.4975058138370514,0.3434363305568695,0.011106392368674278,0.5418858528137207,0.3548177480697632,-0.0008075178484432399,0.3513001799583435,0.35714060068130493,0.017610182985663414,0.43577414751052856,0.28886207938194275,0.005252931732684374,0.49898675084114075,0.2819707989692688,-0.0085494639351964,0.5468854904174805,0.28727346658706665,-0.018501730635762215,0.33850133419036865,0.36114463210105896,-0.010366288013756275,0.4302993416786194,0.30057621002197266,-0.030198650434613228,0.4972374737262726,0.32588300108909607,-0.04067463055253029,0.5417935848236084,0.36264094710350037,-0.04519595950841904,0.3370087742805481,0.38331174850463867,-0.03815503418445587,0.4192615747451782,0.3369954228401184,-0.05596528202295303,0.47398069500923157,0.3550739884376526,-0.060075294226408005,0.5132426619529724,0.3839333951473236,-0.060885775834321976,30.0,640.0,480.0
32,0.250590443611145,0.5988562107086182,4.672777151881746e-07,0.344913125038147,0.5848227143287659,0.01818394660949707,0.410419762134552,0.5347562432289124,0.020471949130296707,0.46598169207572937,0.5099941492080688,0.012089121155440807,0.5222267508506775,0.49618300795555115,0.004092320799827576,0.3672544062137604,0.3743889629840851,0.04302565008401871,0.436196506023407,0.3348120450973511,0.030260084196925163,0.4944247305393219,0.33981961011886597,0.01350335031747818,0.5386465191841125,0.3533342182636261,0.0017715144203975797,0.34957051277160645,0.35781529545783997,0.018345210701227188,0.4347510039806366,0.290725439786911,0.006916531827300787,0.499589741230011,0.2946285903453827,-0.005761860869824886,0.5469204783439636,0.3099467158317566,-0.014883887954056263,0.3377261757850647,0.3629235625267029,-0.009717840701341629,0.4302525222301483,0.29907169938087463,-0.027592794969677925,0.49600377678871155,0.3258013129234314,-0.0361640602350235,0.5384479761123657,0.36285439133644104,-0.03999752178788185,0.3371622562408447,0.38618209958076477,-0.03756476938724518,0.4187376797199249,0.33824899792671204,-0.05347305163741112,0.47203394770622253,0.35715019702911377,-0.056141797453165054,0.5089667439460754,0.38657596707344055,-0.05628691241145134,30.0,640.0,480.0
33,0.25077176094055176,0.5982975363731384,4.661139598738373e-07,0.34491482377052307,0.5842174291610718,0.017304399982094765,0.41076168417930603,0.5343390107154846,0.019066566601395607,0.46650004386901855,0.5098702311515808,0.010376818478107452,0.5225510001182556,0.4959629476070404,0.002044771332293749,0.36709001660346985,0.37345486879348755,0.04013165086507797,0.4374054968357086,0.3345462381839752,0.026392929255962372,0.49586865305900574,0.34155839681625366,0.009334768168628216,0.5402164459228516,0.35628557205200195,-0.002609595190733671,0.3490487337112427,0.3569651246070862,0.015769928693771362,0.435170978307724,0.2916604280471802,0.003062129020690918,0.5002468824386597,0.29817312955856323,-0.009904520586133003,0.547203540802002,0.31515398621559143,-0.019124682992696762,0.33699455857276917,0.36250388622283936,-0.011894437484443188,0.4298302233219147,0.3001982569694519,-0.030839577317237854,0.49598991870880127,0.3278622627258301,-0.039560213685035706,0.5387457609176636,0.3651549220085144,-0.04331176355481148,0.33635634183883667,0.38625314831733704,-0.03935457766056061,0.418170690536499,0.33868128061294556,-0.056159164756536484,0.47173452377319336,0.3571983873844147,-0.05927647650241852,0.5090274810791016,0.38587653636932373,-0.059610553085803986,30.0,640.0,480.0
34,0.2507076561450958,0.5978571176528931,4.733769003451016e-07,0.3447590470314026,0.5840038061141968,0.017545046284794807,0.4105857312679291,0.5345133543014526,0.019494354724884033,0.4666016697883606,0.5099964141845703,0.010941637679934502,0.5227893590927124,0.49593108892440796,0.002735842252150178,0.3668102025985718,0.37338781356811523,0.04091644287109375,0.4370943307876587,0.3346252143383026,0.02763271890580654,0.4951227009296417,0.34032320976257324,0.010905998758971691,0.5394358038902283,0.3535122573375702,-0.0008660759194754064,0.34888604283332825,0.35671040415763855,0.016408594325184822,0.43465688824653625,0.29095929861068726,0.004141455516219139,0.4996536374092102,0.2946159243583679,-0.008718864060938358,0.5472722053527832,0.30892252922058105,-0.01797623001039028,0.33695459365844727,0.36213791370391846,-0.011429956182837486,0.4299090504646301,0.30014410614967346,-0.030374517664313316,0.4960516691207886,0.32757559418678284,-0.03928598389029503,0.5390768051147461,0.3646451532840729,-0.043137747794389725,0.33651477098464966,0.3857763409614563,-0.0390249639749527,0.4182879328727722,0.33822953701019287,-0.05589984357357025,0.471726655960083,0.3566703498363495,-0.05912109464406967,0.5091671943664551,0.3851972818374634,-0.059528473764657974,30.0,640.0,480.0
35,0.25104230642318726,0.598004937171936,4.7382835077769414e-07,0.3460243344306946,0.5830429792404175,0.019194409251213074,0.41041502356529236,0.5340255498886108,0.020574599504470825,0.4661625623703003,0.5102353096008301,0.011095453053712845,0.5226137042045593,0.4962339699268341,0.0019156394992023706,0.36216527223587036,0.372403621673584,0.042227212339639664,0.43417608737945557,0.33559632301330566,0.029163381084799767,0.49409934878349304,0.3413527011871338,0.01238950900733471,0.5387558937072754,0.3548123836517334,0.000521085865329951,0.3450030982494354,0.35672953724861145,0.016782285645604134,0.43477949500083923,0.2955901622772217,0.004509286489337683,0.5004073977470398,0.30662521719932556,-0.0077209495939314365,0.546415388584137,0.3259875476360321,-0.016425330191850662,0.3346759080886841,0.3622523248195648,-0.01182178407907486,0.4294460415840149,0.298134446144104,-0.02988751232624054,0.49545255303382874,0.32701367139816284,-0.03698035702109337,0.5373474955558777,0.3640921413898468,-0.040012724697589874,0.3363797664642334,0.3859174847602844,-0.040114473551511765,0.41963234543800354,0.3379400670528412,-0.05568461865186691,0.4723556935787201,0.3592819571495056,-0.05704699829220772,0.5079092979431152,0.3896957039833069,-0.05643284693360329,30.0,640.0,480.0
36,0.2471303939819336,0.5972740650177002,5.296557787914935e-07,0.3440376818180084,0.5829351544380188,0.01943008229136467,0.4080692529678345,0.5341168642044067,0.020939957350492477,0.46395042538642883,0.5101503729820251,0.011746046133339405,0.5196228623390198,0.4942701458930969,0.0032203062437474728,0.35473722219467163,0.36849766969680786,0.043262235820293427,0.42816945910453796,0.3329510986804962,0.03184035047888756,0.48833563923835754,0.33632323145866394,0.016424493864178658,0.5335478782653809,0.34749850630760193,0.005469430238008499,0.33773884177207947,0.3527374267578125,0.018044859170913696,0.42935433983802795,0.289765864610672,0.008326003327965736,0.494585782289505,0.2896500825881958,-0.002338256686925888,0.542529284954071,0.2972315549850464,-0.010449875146150589,0.3291168212890625,0.35970473289489746,-0.010324753820896149,0.42633941769599915,0.29824966192245483,-0.026791606098413467,0.4924968481063843,0.3250458240509033,-0.03322606533765793,0.5350091457366943,0.3603750169277191,-0.03598576411604881,0.33345770835876465,0.3856692910194397,-0.038428764790296555,0.4176846146583557,0.3397202789783478,-0.052851252257823944,0.4697920083999634,0.3599298596382141,-0.053724028170108795,0.5053139925003052,0.3895748555660248,-0.052857544273138046,30.0,640.0,480.0
37,0.2467217892408371,0.5968761444091797,5.153344204700261e-07,0.34359586238861084,0.5821475982666016,0.020411653444170952,0.40654808282852173,0.5336624979972839,0.02191251330077648,0.46200352907180786,0.5107908248901367,0.012293671257793903,0.5178231000900269,0.49353504180908203,0.0029822795186191797,0.35663607716560364,0.367931067943573,0.042996831238269806,0.4298543930053711,0.3306937515735626,0.030257640406489372,0.4904259443283081,0.3350154757499695,0.013443208299577236,0.535786509513855,0.3464648723602295,0.0013893888099119067,0.3402059078216553,0.3529069423675537,0.016593152657151222,0.43104788661003113,0.286385178565979,0.005519331432878971,0.49737870693206787,0.28534990549087524,-0.006694628391414881,0.5453487634658813,0.2928101420402527,-0.016005989164114,0.3309505581855774,0.3608338534832001,-0.012924553826451302,0.42755621671676636,0.2959403693675995,-0.031138012185692787,0.4948357939720154,0.3241337537765503,-0.038932330906391144,0.5372715592384338,0.36103442311286926,-0.0424453467130661,0.33401140570640564,0.3879096508026123,-0.042012665420770645,0.41738787293434143,0.341657429933548,-0.05869222432374954,0.4710462689399719,0.36082080006599426,-0.06119980290532112,0.5080444812774658,0.38917309045791626,-0.06133733317255974,30.0,640.0,480.0
38,0.24655264616012573,0.5980353355407715,5.050557660979393e-07,0.34387704730033875,0.5814918279647827,0.020256128162145615,0.40682053565979004,0.5327211618423462,0.021781576797366142,0.46219250559806824,0.5097490549087524,0.012008672580122948,0.5187335014343262,0.4928604066371918,0.0025197137147188187,0.3573574125766754,0.37076786160469055,0.04434655234217644,0.4296168386936188,0.3323245048522949,0.03092334046959877,0.4903606176376343,0.3336036801338196,0.013641263358294964,0.5362138748168945,0.34166449308395386,0.0013174746418371797,0.34098151326179504,0.3556339144706726,0.01779162883758545,0.43106281757354736,0.28896141052246094,0.005501968786120415,0.49767768383026123,0.29112154245376587,-0.007326987572014332,0.5459493398666382,0.30110931396484375,-0.016736313700675964,0.331423282623291,0.36241817474365234,-0.012122632935643196,0.42769914865493774,0.2976462244987488,-0.03192393481731415,0.49502652883529663,0.3270939588546753,-0.04011384770274162,0.5375949144363403,0.3643440902233124,-0.04343974217772484,0.3338759243488312,0.38772478699684143,-0.041571538895368576,0.41760098934173584,0.34087473154067993,-0.05922221019864082,0.47142717242240906,0.3625674247741699,-0.0617356076836586,0.5080776214599609,0.39275088906288147,-0.06167122721672058,30.0,640.0,480.0
39,0.24806036055088043,0.597252607345581,4.953056986778392e-07,0.3443449139595032,0.582294762134552,0.021914366632699966,0.40759626030921936,0.532478928565979,0.024635696783661842,0.46248453855514526,0.5105369091033936,0.01610383950173855,0.5181054472923279,0.4947795271873474,0.007850824855268002,0.35543346405029297,0.369090735912323,0.04313068836927414,0.4289580285549164,0.3295745849609375,0.030414601787924767,0.48994138836860657,0.3318689167499542,0.014299321919679642,0.5355247855186462,0.3412066698074341,0.002848326927050948,0.3391790986061096,0.3547841012477875,0.016180140897631645,0.4311772584915161,0.28755420446395874,0.003994982223957777,0.49820372462272644,0.29317235946655273,-0.008104303851723671,0.5454867482185364,0.30712538957595825,-0.016698556020855904,0.33023062348365784,0.3626493513584137,-0.013628228567540646,0.4269806444644928,0.2975848913192749,-0.0329335518181324,0.4937169849872589,0.3281060755252838,-0.040538642555475235,0.5351051688194275,0.3655906617641449,-0.04343676194548607,0.3339136242866516,0.3886750638484955,-0.04273393377661705,0.41750073432922363,0.34089604020118713,-0.05969281494617462,0.47017350792884827,0.36275574564933777,-0.061632100492715836,0.5053823590278625,0.3931400775909424,-0.061209116131067276,30.0,640.0,480.0
40,0.2473403364419937,0.596359133720398,4.950891252519796e-07,0.3434326648712158,0.5821495652198792,0.019466925412416458,0.4065535366535187,0.5324128270149231,0.021330570802092552,0.4611327052116394,0.5097425580024719,0.01244306843727827,0.5169509649276733,0.4940345883369446,0.00384337967261672,0.35670632123947144,0.3700602352619171,0.04079165309667587,0.42913731932640076,0.32963162660598755,0.027788177132606506,0.48990684747695923,0.33069682121276855,0.01149083860218525,0.5355121493339539,0.3384159505367279,-0.00020388796110637486,0.34015411138534546,0.3555597960948944,0.01524696871638298,0.4306775629520416,0.288520872592926,0.0030384312849491835,0.4977564513683319,0.29432159662246704,-0.008955691009759903,0.5454921126365662,0.30790746212005615,-0.0176458191126585,0.33081427216529846,0.3633638918399811,-0.01333586871623993,0.4265395998954773,0.2979574203491211,-0.03316972404718399,0.4939466118812561,0.3272456228733063,-0.04126570373773575,0.5362894535064697,0.3639412224292755,-0.044471848756074905,0.33382147550582886,0.3891648054122925,-0.041364170610904694,0.41732674837112427,0.34193721413612366,-0.05898529663681984,0.47069060802459717,0.3628982901573181,-0.06155330687761307,0.5066418647766113,0.3923335671424866,-0.0615413598716259,30.0,640.0,480.0
41,0.24843178689479828,0.5998637676239014,4.794391088580596e-07,0.3427571654319763,0.5843766927719116,0.01929120346903801,0.4066183269023895,0.5341243147850037,0.02062874846160412,0.46146446466445923,0.5103806853294373,0.011344090104103088,0.5167087912559509,0.49397632479667664,0.002416238421574235,0.35847675800323486,0.37291744351387024,0.037936605513095856,0.4313586354255676,0.33117613196372986,0.023656703531742096,0.4931516647338867,0.3374353349208832,0.006994123104959726,0.5382235646247864,0.35020241141319275,-0.004759117495268583,0.3413349390029907,0.3580690324306488,0.012341424822807312,0.43364620208740234,0.2924032211303711,-0.0011582669103518128,0.5004934072494507,0.3049079179763794,-0.012668604962527752,0.54625004529953,0.3233039081096649,-0.02078179270029068,0.33074140548706055,0.36567777395248413,-0.016166485846042633,0.42855513095855713,0.30036041140556335,-0.03657257556915283,0.49449265003204346,0.33212488889694214,-0.04300478473305702,0.5350214242935181,0.37030500173568726,-0.045044492930173874,0.33182093501091003,0.39293140172958374,-0.0441260039806366,0.41835451126098633,0.347922682762146,-0.06205487251281738,0.47049498558044434,0.37073513865470886,-0.06365422159433365,0.5044355392456055,0.40169239044189453,-0.06284668296575546,30.0,640.0,480.0
42,0.24726594984531403,0.6009014844894409,4.660096522002277e-07,0.34210947155952454,0.5847996473312378,0.0200753565877676,0.40643876791000366,0.5344361662864685,0.02138376794755459,0.46145468950271606,0.5111956000328064,0.011878324672579765,0.5167676210403442,0.49526235461235046,0.0027846971061080694,0.35859760642051697,0.37417006492614746,0.039309632033109665,0.4309300184249878,0.33273249864578247,0.02533373422920704,0.4932611286640167,0.3404959440231323,0.008582360111176968,0.5381316542625427,0.3549954891204834,-0.003290338907390833,0.3417108356952667,0.3592507541179657,0.013271641917526722,0.4343632161617279,0.2946412265300751,0.00038242226582951844,0.500787079334259,0.31126898527145386,-0.010752284899353981,0.5449172258377075,0.33193594217300415,-0.018638070672750473,0.33105289936065674,0.36625391244888306,-0.01563297212123871,0.42835840582847595,0.29978781938552856,-0.03485201671719551,0.4928690493106842,0.3331907391548157,-0.03984646871685982,0.5318195223808289,0.37097835540771484,-0.041342027485370636,0.33199530839920044,0.39302435517311096,-0.044031184166669846,0.41776204109191895,0.3480926752090454,-0.06050455942749977,0.4666580259799957,0.3731427788734436,-0.06041897460818291,0.4972834587097168,0.4048346281051636,-0.058734674006700516,30.0,640.0,480.0
43,0.2472606599330902,0.6014236211776733,4.739769678963057e-07,0.34227219223976135,0.5846439599990845,0.02032472752034664,0.4071321189403534,0.5345340371131897,0.02148909866809845,0.46186089515686035,0.512092113494873,0.011897420510649681,0.516809344291687,0.4959157705307007,0.0028322720900177956,0.35745111107826233,0.37314462661743164,0.039516955614089966,0.4304043650627136,0.33375293016433716,0.025442302227020264,0.49313002824783325,0.3414950370788574,0.008650730364024639,0.5382112860679626,0.35661447048187256,-0.003095384454354644,0.3406989574432373,0.35850852727890015,0.013490397483110428,0.43450692296028137,0.29583024978637695,0.0005917228991165757,0.5004790425300598,0.313271701335907,-0.010296418331563473,0.5440500378608704,0.3346976637840271,-0.017842814326286316,0.33043935894966125,0.3654904365539551,-0.015340556390583515,0.4287536144256592,0.30030950903892517,-0.03396898880600929,0.49226027727127075,0.33382168412208557,-0.03807362541556358,0.5302254557609558,0.3713107109069824,-0.03900040313601494,0.3319239616394043,0.3922693729400635,-0.043702103197574615,0.41797617077827454,0.3478565216064453,-0.05932455137372017,0.46611902117729187,0.3732569217681885,-0.05837997794151306,0.49592918157577515,0.404867559671402,-0.05608928203582764,30.0,640.0,480.0
44,0.24530209600925446,0.5988787412643433,4.918985041513224e-07,0.3404684364795685,0.5854567885398865,0.01879388466477394,0.40623706579208374,0.5345760583877563,0.019268987700343132,0.4615052342414856,0.5110788941383362,0.009586552157998085,0.5164420008659363,0.4949287474155426,0.0005875692586414516,0.3560129702091217,0.36816802620887756,0.035508543252944946,0.4308871328830719,0.32791048288345337,0.021555647253990173,0.4940118193626404,0.33860236406326294,0.005153223406523466,0.53892582654953,0.35639551281929016,-0.006316401530057192,0.3383808434009552,0.3539087772369385,0.010822190903127193,0.4348883628845215,0.29331374168395996,-0.0019393289694562554,0.5013056993484497,0.3136975169181824,-0.012328816577792168,0.5443171262741089,0.33782580494880676,-0.01948888972401619,0.3281300663948059,0.36248284578323364,-0.016355035826563835,0.4270661175251007,0.2982572317123413,-0.03438105434179306,0.4914300739765167,0.33113402128219604,-0.03819626197218895,0.5299392938613892,0.3685612380504608,-0.03903188183903694,0.33011215925216675,0.3915926218032837,-0.043100178241729736,0.41731369495391846,0.3477618992328644,-0.057955387979745865,0.4659160077571869,0.37280380725860596,-0.056520815938711166,0.49593737721443176,0.40489882230758667,-0.05386843904852867,30.0,640.0,480.0
45,0.24415233731269836,0.5953137278556824,5.435571779344173e-07,0.3406204283237457,0.5825175642967224,0.016617443412542343,0.4053328037261963,0.5329059958457947,0.01647202856838703,0.4608008563518524,0.5090281963348389,0.006436711642891169,0.5156837105751038,0.4907769560813904,-0.0028521886561065912,0.355878621339798,0.365862101316452,0.03469708189368248,0.43142470717430115,0.3262677490711212,0.020474715158343315,0.4932599663734436,0.33264368772506714,0.004031017888337374,0.5382007360458374,0.34524980187416077,-0.0075395735912024975,0.3382585644721985,0.35060927271842957,0.010715960524976254,0.434240460395813,0.2836810350418091,-0.002371653215959668,0.5004286170005798,0.2903014123439789,-0.013435282744467258,0.5464996099472046,0.30255329608917236,-0.02133873850107193,0.32801538705825806,0.3593727946281433,-0.016126597300171852,0.4282659888267517,0.2943713068962097,-0.03657139837741852,0.4938216805458069,0.3264780640602112,-0.042543571442365646,0.5337013602256775,0.36543017625808716,-0.04417122155427933,0.32966333627700806,0.3886004388332367,-0.0426076203584671,0.417337030172348,0.3463546633720398,-0.06065503507852554,0.46905064582824707,0.36843788623809814,-0.06218012422323227,0.503065824508667,0.3983510434627533,-0.06121912598609924,30.0,640.0,480.0
46,0.24403682351112366,0.5974579453468323,4.789617946698854e-07,0.34134793281555176,0.5820591449737549,0.017284663394093513,0.4056609272956848,0.5313003063201904,0.017370708286762238,0.460555762052536,0.50652676820755,0.007087458856403828,0.5157603025436401,0.48855167627334595,-0.0028136270120739937,0.35546693205833435,0.36784660816192627,0.03388803079724312,0.4306076765060425,0.3233910799026489,0.017720505595207214,0.49242162704467773,0.3311254680156708,0.00018327744328416884,0.5375978350639343,0.344334214925766,-0.012152343988418579,0.3373071253299713,0.35261112451553345,0.009264555759727955,0.4347180128097534,0.2872004508972168,-0.0062713162042200565,0.5014272928237915,0.30311840772628784,-0.01874728687107563,0.5463615655899048,0.32431602478027344,-0.02730816975235939,0.32740020751953125,0.36024266481399536,-0.01823962852358818,0.42774125933647156,0.29378849267959595,-0.04005566984415054,0.4952687621116638,0.32664915919303894,-0.04753125086426735,0.5365769267082214,0.3678569495677948,-0.05003849044442177,0.32940152287483215,0.38736021518707275,-0.045344214886426926,0.41656699776649475,0.34356316924095154,-0.0645122230052948,0.4711107611656189,0.36523839831352234,-0.06754907965660095,0.5071027278900146,0.39622098207473755,-0.06758778542280197,30.0,640.0,480.0
47,0.24325308203697205,0.5982256531715393,4.992267577108578e-07,0.3407738208770752,0.5811883211135864,0.018856406211853027,0.4049421548843384,0.531163215637207,0.020071957260370255,0.4597843885421753,0.5076596736907959,0.010723929852247238,0.5148138403892517,0.4894144535064697,0.0018859695410355926,0.3546818494796753,0.3680753707885742,0.03816711902618408,0.4298469126224518,0.32678133249282837,0.02395773120224476,0.4914892613887787,0.3319215774536133,0.007589974906295538,0.5369030833244324,0.34265121817588806,-0.004134181421250105,0.3369237184524536,0.352303683757782,0.01292005367577076,0.43368515372276306,0.28748780488967896,-0.0007020248449407518,0.500029981136322,0.2991330623626709,-0.012098153121769428,0.5460633635520935,0.31501126289367676,-0.020143257454037666,0.3268555998802185,0.3598546087741852,-0.015302758663892746,0.4281036853790283,0.2950116991996765,-0.03640459105372429,0.4947691559791565,0.32759079337120056,-0.04295606538653374,0.5358417630195618,0.366593599319458,-0.04485750570893288,0.32879823446273804,0.387224018573761,-0.04301963374018669,0.41690078377723694,0.34399527311325073,-0.061753831803798676,0.47026458382606506,0.3658883273601532,-0.06396159529685974,0.5056140422821045,0.39561814069747925,-0.06346815824508667,30.0,640.0,480.0
48,0.24118578433990479,0.5976583957672119,5.008477046430926e-07,0.3396400809288025,0.5817737579345703,0.01760198175907135,0.4044955372810364,0.5291755795478821,0.017654577270150185,0.4600188136100769,0.505180299282074,0.00747292535379529,0.5152750015258789,0.48712658882141113,-0.0020837830379605293,0.3515259623527527,0.36299586296081543,0.034921906888484955,0.4277785122394562,0.3223959803581238,0.018844690173864365,0.4916292130947113,0.33357399702072144,0.0005870860768482089,0.5376492738723755,0.35073983669281006,-0.012293814681470394,0.33344072103500366,0.34856024384498596,0.010191066190600395,0.43296608328819275,0.28716641664505005,-0.004927597474306822,0.5004949569702148,0.30527687072753906,-0.017658153548836708,0.5452358722686768,0.32742127776145935,-0.02647475339472294,0.32399964332580566,0.35738271474838257,-0.017348453402519226,0.42580363154411316,0.29214322566986084,-0.03804028034210205,0.49409523606300354,0.3229527473449707,-0.04473907873034477,0.5360099673271179,0.3608599305152893,-0.047192469239234924,0.32720521092414856,0.3864404559135437,-0.04455270245671272,0.4157288372516632,0.34482425451278687,-0.06247863918542862,0.46978020668029785,0.3655910789966583,-0.06426294893026352,0.5053452849388123,0.39422714710235596,-0.06364985555410385,30.0,640.0,480.0
49,0.2406424880027771,0.5987867712974548,5.007803451917425e-07,0.33922079205513,0.5817692279815674,0.018013454973697662,0.4036727845668793,0.5299118757247925,0.017621438950300217,0.45839688181877136,0.5058877468109131,0.006866018753498793,0.5137506723403931,0.4865714907646179,-0.0032976148650050163,0.34989893436431885,0.36378318071365356,0.03396933525800705,0.428036093711853,0.3229931592941284,0.017298255115747452,0.491861492395401,0.33476579189300537,-0.0011892338516190648,0.5381287336349487,0.35106074810028076,-0.014187565073370934,0.33168694376945496,0.34972912073135376,0.00853448361158371,0.432908296585083,0.28732553124427795,-0.007357739377766848,0.5009192228317261,0.3047729730606079,-0.02060580998659134,0.5456840395927429,0.32594335079193115,-0.029761627316474915,0.32237809896469116,0.3589727282524109,-0.01960531622171402,0.4253379702568054,0.29302310943603516,-0.04084871709346771,0.4942280650138855,0.3254219889640808,-0.04790547117590904,0.5358700156211853,0.3646344542503357,-0.05039794370532036,0.32621562480926514,0.388326495885849,-0.04731140285730362,0.41528424620628357,0.34415602684020996,-0.06501244008541107,0.4696997404098511,0.36555004119873047,-0.0665196105837822,0.5050795078277588,0.39528828859329224,-0.06573658436536789,30.0,640.0,480.0
50,0.24206183850765228,0.5973778963088989,5.004678200748458e-07,0.34320658445358276,0.5719279050827026,0.028850587084889412,0.40453240275382996,0.5233954191207886,0.02630014345049858,0.4604949355125427,0.5040045976638794,0.010171026922762394,0.513475775718689,0.48491549491882324,-0.006679813843220472,0.33697205781936646,0.3477115333080292,0.02733476832509041,0.4268919825553894,0.30219900608062744,0.006726495455950499,0.49386581778526306,0.31847935914993286,-0.012514794245362282,0.5417869091033936,0.34025806188583374,-0.02630547806620598,0.3223561644554138,0.34047600626945496,-0.0074289338663220406,0.4373045265674591,0.28562742471694946,-0.027352362871170044,0.5088173747062683,0.3195421099662781,-0.04004828259348869,0.5520742535591125,0.3573129177093506,-0.048572953790426254,0.3200012743473053,0.35739731788635254,-0.043004050850868225,0.43145328760147095,0.3055247664451599,-0.06309228390455246,0.4982500970363617,0.3441886603832245,-0.0653659775853157,0.534410834312439,0.38656458258628845,-0.06569164991378784,0.33140289783477783,0.3937864303588867,-0.07773146778345108,0.4191966652870178,0.3529437780380249,-0.09286167472600937,0.4732680320739746,0.3746688961982727,-0.09027436375617981,0.5072095990180969,0.40549108386039734,-0.08695294708013535,30.0,640.0,480.0
51,0.23829853534698486,0.5967866778373718,5.232640774011088e-07,0.33990374207496643,0.5725700855255127,0.020718729123473167,0.40302762389183044,0.5236397385597229,0.013810168951749802,0.4584822356700897,0.5027250647544861,-0.004675402771681547,0.5138023495674133,0.4868108034133911,-0.023203475400805473,0.33354565501213074,0.3466697931289673,0.01714238151907921,0.42680710554122925,0.30204880237579346,-0.005937331356108189,0.49555909633636475,0.3201027512550354,-0.02687562070786953,0.5449981689453125,0.3444751799106598,-0.041668958961963654,0.3188232183456421,0.3405604064464569,-0.013484079390764236,0.4342818558216095,0.28587260842323303,-0.034424830228090286,0.5064025521278381,0.31745675206184387,-0.047241564840078354,0.5523799061775208,0.3512997627258301,-0.0560879111289978,0.317547082901001,0.35887306928634644,-0.04522952064871788,0.4298611879348755,0.30762338638305664,-0.06599576771259308,0.4991520643234253,0.3431309759616852,-0.068450428545475,0.5401504039764404,0.3820127546787262,-0.06907434016466141,0.33093416690826416,0.39713069796562195,-0.07674708962440491,0.4195137917995453,0.3601698875427246,-0.09191393852233887,0.4744105637073517,0.37803685665130615,-0.08924298733472824,0.5111050605773926,0.40319254994392395,-0.08600707352161407,30.0,640.0,480.0
52,0.23826292157173157,0.5975608825683594,5.369139444155735e-07,0.3387601971626282,0.5744078159332275,0.01885814219713211,0.4029260575771332,0.524457573890686,0.011744258925318718,0.45941370725631714,0.5031433701515198,-0.006340662017464638,0.51453697681427,0.48683175444602966,-0.02418031170964241,0.33286046981811523,0.3474672734737396,0.01632312312722206,0.42606472969055176,0.30273517966270447,-0.006804497446864843,0.49529361724853516,0.32022929191589355,-0.027961717918515205,0.5450093150138855,0.34349048137664795,-0.04286545142531395,0.31840476393699646,0.3414376676082611,-0.013135679997503757,0.4345874488353729,0.28604012727737427,-0.034574445337057114,0.5078935027122498,0.31767383217811584,-0.04779001325368881,0.5545787215232849,0.35171282291412354,-0.0566004142165184,0.31736424565315247,0.35966041684150696,-0.04382612928748131,0.4303075671195984,0.30508288741111755,-0.06508298963308334,0.5007603764533997,0.33946341276168823,-0.06797675788402557,0.5427194237709045,0.37787356972694397,-0.0687355175614357,0.3311057686805725,0.398005872964859,-0.07436168938875198,0.42153629660606384,0.36001354455947876,-0.08967065066099167,0.47494271397590637,0.3791953921318054,-0.08678528666496277,0.5098453760147095,0.40554362535476685,-0.08332383632659912,30.0,640.0,480.0
53,0.2420872151851654,0.5967552065849304,6.441784989874577e-07,0.2734720706939697,0.4621657431125641,0.013986744917929173,0.341469943523407,0.38382717967033386,-0.0022916607558727264,0.42160457372665405,0.37296390533447266,-0.023996194824576378,0.4924159049987793,0.38970229029655457,-0.04776438698172569,0.34867197275161743,0.32056930661201477,-0.03163794428110123,0.4625207781791687,0.2997596859931946,-0.06809438765048981,0.5282576084136963,0.32285258173942566,-0.09216032177209854,0.5669125318527222,0.357418030500412,-0.10596822202205658,0.3603428602218628,0.3698469400405884,-0.05730397626757622,0.4812200963497162,0.3370113968849182,-0.08820436149835587,0.5479548573493958,0.35765892267227173,-0.10551067441701889,0.5859555006027222,0.390519917011261,-0.1161600649356842,0.37048596143722534,0.43707045912742615,-0.08078061789274216,0.48302197456359863,0.4008190929889679,-0.10479284822940826,0.543980062007904,0.41064637899398804,-0.11142464727163315,0.5797089338302612,0.426740825176239,-0.11443474888801575,0.37900200486183167,0.5174633264541626,-0.1022164598107338,0.46097591519355774,0.4958149790763855,-0.11585727334022522,0.510301411151886,0.4904998540878296,-0.11532416194677353,0.5474154949188232,0.4877113997936249,-0.1136932522058487,30.0,640.0,480.0
54,0.24907220900058746,0.5987233519554138,5.50387483144732e-07,0.26853758096694946,0.46258583664894104,0.01570330373942852,0.32894808053970337,0.37648430466651917,0.0028057380113750696,0.39915329217910767,0.34691229462623596,-0.01494839321821928,0.46275588870048523,0.3585100769996643,-0.03377554193139076,0.338541179895401,0.33005228638648987,-0.030321374535560608,0.44632798433303833,0.2971917986869812,-0.06332994252443314,0.5100209712982178,0.3192353844642639,-0.08363541215658188,0.5458548069000244,0.3503192067146301,-0.09524284303188324,0.35623517632484436,0.3755735158920288,-0.054110653698444366,0.4685851037502289,0.3368285298347473,-0.08176320046186447,0.5301313400268555,0.3532096743583679,-0.09401063621044159,0.5655564665794373,0.37821298837661743,-0.10235992074012756,0.3701224625110626,0.4380965828895569,-0.07571125775575638,0.4750117063522339,0.3909890651702881,-0.09626504778862,0.5327855348587036,0.39763689041137695,-0.09907659888267517,0.5686490535736084,0.4126739501953125,-0.10147945582866669,0.3823181092739105,0.5138915181159973,-0.09544737637042999,0.4570990800857544,0.4891068637371063,-0.10788321495056152,0.5036293864250183,0.48144206404685974,-0.10769949108362198,0.5400298833847046,0.47753027081489563,-0.10759507864713669,30.0,640.0,480.0
55,0.25920313596725464,0.5809836387634277,5.564847924688365e-07,0.2775379419326782,0.4476844072341919,0.016521308571100235,0.33856236934661865,0.3659020662307739,0.006246354430913925,0.4112044870853424,0.3461962938308716,-0.009234614670276642,0.47454434633255005,0.3610997200012207,-0.026508059352636337,0.3704056143760681,0.31084316968917847,-0.02019469067454338,0.4770473539829254,0.3052477240562439,-0.046912651509046555,0.5358650088310242,0.330320805311203,-0.06525304913520813,0.5673638582229614,0.36107391119003296,-0.07605111598968506,0.38669151067733765,0.3576463460922241,-0.04258638620376587,0.4975915849208832,0.3433719277381897,-0.06309296190738678,0.5528312921524048,0.36416617035865784,-0.07565193623304367,0.5819941759109497,0.39068424701690674,-0.08473896980285645,0.39736706018447876,0.4225856065750122,-0.06279435753822327,0.5005702376365662,0.39839115738868713,-0.07859683036804199,0.5499480962753296,0.4113883674144745,-0.08282232284545898,0.5768625140190125,0.4282017946243286,-0.0860222578048706,0.4032667279243469,0.501439094543457,-0.08089792728424072,0.47594988346099854,0.48848122358322144,-0.08839157223701477,0.5173951983451843,0.4859158396720886,-0.08640501648187637,0.5465764403343201,0.48496973514556885,-0.0849149078130722,30.0,640.0,480.0
56,0.25419414043426514,0.6740013360977173,-8.544324714421236e-07,0.2493835985660553,0.5141364932060242,0.022596091032028198,0.2831779718399048,0.40426021814346313,0.01467952597886324,0.3351084291934967,0.3744288682937622,-0.0020620485302060843,0.37542954087257385,0.40422892570495605,-0.018707118928432465,0.44872868061065674,0.305126816034317,-0.010302732698619366,0.5520641207695007,0.33721673488616943,-0.02014266699552536,0.5600648522377014,0.41950708627700806,-0.024930134415626526,0.5367369651794434,0.4737674593925476,-0.027958117425441742,0.5046942234039307,0.3905216455459595,-0.037211522459983826,0.5920765995979309,0.45027273893356323,-0.03219449147582054,0.5789486169815063,0.5159180164337158,-0.030385304242372513,0.5440707802772522,0.5564545392990112,-0.03488585352897644,0.5341472029685974,0.5017904043197632,-0.06094874441623688,0.5975296497344971,0.5634322166442871,-0.05254557728767395,0.5798253417015076,0.6149880886077881,-0.044566765427589417,0.5419265031814575,0.6392927169799805,-0.04586397856473923,0.5409306287765503,0.6167193651199341,-0.08394117653369904,0.5910884141921997,0.6802374720573425,-0.07353805750608444,0.5724260210990906,0.709716796875,-0.058234505355358124,0.53407883644104,0.7176698446273804,-0.048065703362226486,30.0,640.0,480.0
57,0.2774066925048828,0.6278325915336609,-5.137129832633036e-08,0.26796478033065796,0.5006688833236694,0.02288908138871193,0.30985161662101746,0.4090593457221985,0.019511347636580467,0.3733569085597992,0.387658953666687,0.0068047745153307915,0.42766207456588745,0.4142141044139862,-0.007287433836609125,0.4119604229927063,0.34041252732276917,0.013069424778223038,0.49831730127334595,0.3257203698158264,0.00011686262587318197,0.5248490571975708,0.3601173758506775,-0.012699580751359463,0.5230151414871216,0.3969815671443939,-0.0191834457218647,0.44206589460372925,0.39211100339889526,-0.011476552113890648,0.5340492129325867,0.3748290538787842,-0.016369124874472618,0.5498660802841187,0.4109533727169037,-0.021729515865445137,0.5363251566886902,0.4507599174976349,-0.024395694956183434,0.46136072278022766,0.4609023928642273,-0.03506067395210266,0.5496649742126465,0.44888341426849365,-0.035321254283189774,0.5643676519393921,0.47940364480018616,-0.03068995662033558,0.5504404902458191,0.5106256008148193,-0.027782464399933815,0.46661391854286194,0.5391460657119751,-0.057746127247810364,0.5421893000602722,0.5236419439315796,-0.05340898036956787,0.5574738383293152,0.5435229539871216,-0.04130610451102257,0.5504120588302612,0.5643750429153442,-0.031011912971735,30.0,640.0,480.0
